-- phpMyAdmin SQL Dump
-- version 4.7.4
-- https://www.phpmyadmin.net/
--
-- Host: 127.0.0.1
-- Generation Time: Apr 18, 2019 at 08:37 AM
-- Server version: 10.1.28-MariaDB
-- PHP Version: 5.6.32

SET SQL_MODE = "NO_AUTO_VALUE_ON_ZERO";
SET AUTOCOMMIT = 0;
START TRANSACTION;
SET time_zone = "+00:00";


/*!40101 SET @OLD_CHARACTER_SET_CLIENT=@@CHARACTER_SET_CLIENT */;
/*!40101 SET @OLD_CHARACTER_SET_RESULTS=@@CHARACTER_SET_RESULTS */;
/*!40101 SET @OLD_COLLATION_CONNECTION=@@COLLATION_CONNECTION */;
/*!40101 SET NAMES utf8mb4 */;

--
-- Database: `db_hardware`
--

-- --------------------------------------------------------

--
-- Table structure for table `mst_cabang`
--

CREATE TABLE `mst_cabang` (
  `kode_cabang` varchar(10) NOT NULL,
  `nama_cabang` varchar(50) NOT NULL,
  `alamat` varchar(150) NOT NULL,
  `kode_propinsi` varchar(10) NOT NULL,
  `kode_kabupaten_kota` varchar(10) NOT NULL,
  `no_telepon` varchar(13) NOT NULL,
  `tanggal_entri` date NOT NULL,
  `tanggal_pembaruan` date NOT NULL
) ENGINE=InnoDB DEFAULT CHARSET=latin1;

--
-- Dumping data for table `mst_cabang`
--

INSERT INTO `mst_cabang` (`kode_cabang`, `nama_cabang`, `alamat`, `kode_propinsi`, `kode_kabupaten_kota`, `no_telepon`, `tanggal_entri`, `tanggal_pembaruan`) VALUES
('KDCB.00001', 'PT. BINTANG NIAGA JAYA (HO)', 'JL. MAYOR OKING JAYAATMAJA NO. 102', '32', '32.01', '0218765447', '2018-11-17', '2019-01-30'),
('KDCB.00002', 'PT. BINTANG NIAGA JAYA CIBINONG', 'JL. MAYOR OKING JAYAATMAJA NO. 102', '32', '32.01', '0218765447', '2018-11-17', '2019-01-11'),
('KDCB.00003', 'PT. BINTANG MOTOR JAYA 01 CIKARANG', 'JL. UTAMA BIIE, PLOT 1, LIPPO CIKARANG', '32', '32.16', '02189908046', '2018-07-28', '2019-01-11'),
('KDCB.00004', 'PT. BINTANG MOTOR JAYA 02 CIREBON', 'JL. FATAHILLAH, BLOK KALIANDUL DESA SATU KULON, KEC. WARU (DEPAN RRI CIREBON)', '32', '32.09', '0231325009', '2018-07-28', '2019-01-11'),
('KDCB.00005', 'PT. BINTANG MOTOR JAYA 03 CINERE', 'JL. LIMO RAYA RT. 02 / 05 CINERE (SAMPING SAMSAT CINERE)', '32', '32.76', '0217530473', '2018-07-28', '2019-01-11'),
('KDCB.00006', 'PT. BINTANG MOTOR JAYA 04 BUARAN', 'JL. BUARAN RAYA NO. 15 RT. 002 / 001, KLENDER, DUREN SAWIT', '31', '31.75', '082176507076', '2018-07-28', '2019-01-11'),
('KDCB.00007', 'PT. BINTANG MOTOR JAYA 05 PONTIANAK', 'JL. PANGLIMA AIM RT. 01 / 04, KEL. TANJUNG HULU, KEC. PONTIANAK TIMUR', '61', '61.71', '05616592025', '2018-08-14', '2019-01-11'),
('KDCB.00008', 'PT. BINTANG ALAM JAYA 01 CIBITUNG', 'JL. IMAM BONJOL NO. 31 DS. TELAGA ASIH', '32', '32.75', '02188362255', '2018-08-16', '2019-01-11'),
('KDCB.00009', 'PT. BINTANG ALAM JAYA 02 BANJARAN', 'JL. RAYA BANJARAN NO. 677 KP. NAMBO RT. 004 / 001 DS. BATUKARUT, KEC. ARJASARI', '32', '32.04', '02293881775', '2018-08-18', '2019-01-11'),
('KDCB.00010', 'PT. BINTANG ALAM JAYA 03 JURUMUDI', 'JL. HALIM PERDANA KUSUMA NO. 16B, JURUMUDI BARU, BENDA', '36', '36.71', '02155738654', '2018-10-23', '2019-01-11'),
('KDCB.00011', 'PT. BINTANG KHARISMA JAYA 01 BANDAR LAMPUNG', 'JL. RAYA BAY PASS SOEKARNO HATTA NO. 5A  TANJUNG SENANG', '18', '18.71', '0721770410', '2018-11-27', '2019-01-11'),
('KDCB.00012', 'PT. BINTANG KHARISMA JAYA 02 GISTING', 'JL. RAYA GISTING, LANBAUW', '18', '18.06', '082183603949', '2018-11-27', '2019-01-11'),
('KDCB.00013', 'PT. BINTANG KHARISMA JAYA 03 MAKASSAR', 'JL. TAMALANREA RAYA BTP BLOK. C NO. 2A', '73', '73.71', '085883505093', '2018-11-27', '2019-01-11'),
('KDCB.00014', 'PT. BINTANG KHARISMA JAYA 04 BELOPA', 'JL. TOPOKA KEL. TAMPUNIA RADDA KEC. BELOPA', '73', '73.17', '04713314102', '2018-11-27', '2019-01-11'),
('KDCB.00015', 'PT. BINTANG MULIA JAYA 01 PALEMBANG', 'JL. BRIGJEND ALAMSYAH RATU PRAWIRANEGARA (SAMPING POLIGON) BUKIT LAMA', '16', '16.71', '0711440298', '2018-11-27', '2019-01-11'),
('KDCB.00016', 'PT. BINTANG MULIA JAYA 02 LAMPUNG TIMUR', 'JL. LINTAS TIMUR DESA KARYATANI KEC. LABUHAN MARINGGAY', '18', '18.07', '0725661335', '2018-11-27', '2019-01-11'),
('KDCB.00017', 'PT. BINTANG MULIA JAYA 03 BENGKULU', 'JL. P. NATADIRJA NO. 102 KM. 6,5 (DEPAN BALAI BUNTAR)', '17', '17.71', '073624966', '2018-11-27', '2019-01-11'),
('KDCB.00018', 'PT. BINTANG MULIA JAYA 04 LAHAT', 'JL. LINTAS LINGKAR DS. MANGGUL  KEC. LAHAT', '16', '16.04', '085268886819', '2018-11-27', '2019-01-11'),
('KDCB.00019', 'PT. BINTANG MULIA JAYA 05 SEKAYU', 'JL. KOLONEL WAHID UDIN NO. 16 LINGKUNGAN III RT. 05 / 02 (SIMPANG TELADAN 4) KEL. BALAI AGUNG, KEC. SEKAYU', '16', '16.06', '0714321916', '2018-11-27', '2019-01-11'),
('KDCB.00020', 'PT. BINTANG AUTO SEMESTA CIMONE', 'JL. GATOT SUBROTO NO. 25-26, CIMONE', '36', '36.71', '02129662806', '2018-11-27', '2019-01-11'),
('KDCB.00021', 'PT. BINTANG RACING TEAM SENTUL', 'JL. RAYA SENTUL 15, RT. 04 / 01, KEL. SENTUL, KEC. BABAKAN MADANG', '32', '32.01', '02187908958', '2018-11-27', '2019-01-11'),
('KDCB.00022', 'POS CISEENG', 'CISEENG, PARUNG', '32', '32.01', '0218765447', '2018-11-30', '2018-11-30'),
('KDCB.00023', 'POS JATIASIH', 'JATIASIH', '32', '32.75', '0218765447', '2018-12-20', '2018-12-20'),
('KDCB.00024', 'POS CILEUNGSI', 'CILEUNGSI', '32', '32.01', '0218765447', '2018-12-28', '2019-01-16'),
('KDCB.00025', 'POS CIOMAS', 'CIOMAS', '32', '32.01', '0218765447', '2019-01-16', '2019-01-16'),
('KDCB.00026', 'POS CILODONG', 'CILODONG', '32', '32.01', '0218765447', '2019-01-16', '2019-01-16'),
('KDCB.00027', 'POS PARUNG', 'JL. RAYA PARUNG - DEALER HONDA BINTANG MOTOR PARUNG', '32', '32.01', '0218765447', '2019-02-12', '2019-02-12');

-- --------------------------------------------------------

--
-- Table structure for table `mst_divisi`
--

CREATE TABLE `mst_divisi` (
  `kode_divisi` varchar(10) NOT NULL,
  `nama_divisi` varchar(20) NOT NULL,
  `tanggal_entri` date NOT NULL,
  `tanggal_pembaruan` date NOT NULL
) ENGINE=InnoDB DEFAULT CHARSET=latin1;

--
-- Dumping data for table `mst_divisi`
--

INSERT INTO `mst_divisi` (`kode_divisi`, `nama_divisi`, `tanggal_entri`, `tanggal_pembaruan`) VALUES
('KDVS.00001', 'IT', '2018-04-23', '2018-11-21'),
('KDVS.00002', 'FINANCE', '2018-04-23', '2018-11-21'),
('KDVS.00003', 'ACCOUNTING', '2018-04-23', '2018-11-21'),
('KDVS.00004', 'HRD', '2018-04-23', '2018-11-21'),
('KDVS.00005', 'H2 HO', '2018-04-23', '2018-11-21'),
('KDVS.00006', 'H3 HO', '2018-04-23', '2018-11-21'),
('KDVS.00007', 'BUSINESS DEVELOPMENT', '2018-04-23', '2018-11-21'),
('KDVS.00008', 'H1', '2018-04-23', '2018-11-21'),
('KDVS.00009', 'H2', '2018-04-23', '2018-11-21'),
('KDVS.00010', 'H3', '2018-04-23', '2018-11-21'),
('KDVS.00011', 'FINANCE BRT', '2018-11-27', '2018-11-27'),
('KDVS.00012', 'MARKETING BRT', '2018-11-27', '2018-11-27'),
('KDVS.00013', 'FINISH GOODS BRT', '2018-11-27', '2018-11-27'),
('KDVS.00014', 'RAWMATERIAL BRT', '2018-11-27', '2018-11-27'),
('KDVS.00015', 'CLAIM SERVICE BRT', '2018-11-27', '2018-11-27'),
('KDVS.00016', 'CNC BRT', '2018-11-27', '2018-11-27'),
('KDVS.00017', 'DYNO JET BRT', '2018-11-27', '2018-11-27'),
('KDVS.00018', 'BODY REPAIR', '2018-11-27', '2018-11-27'),
('KDVS.00019', 'DIREKSI', '2018-12-03', '2018-12-03'),
('KDVS.00020', 'OPERASIONAL', '2019-03-23', '2019-03-23');

-- --------------------------------------------------------

--
-- Table structure for table `mst_hardware`
--

CREATE TABLE `mst_hardware` (
  `kode_hardware` varchar(10) NOT NULL,
  `nama_hardware` varchar(150) NOT NULL,
  `kode_kategori` varchar(10) NOT NULL,
  `kode_merk` varchar(10) NOT NULL,
  `kode_tipe` varchar(10) NOT NULL,
  `tanggal_entri` date NOT NULL,
  `tanggal_pembaruan` date NOT NULL
) ENGINE=InnoDB DEFAULT CHARSET=latin1;

--
-- Dumping data for table `mst_hardware`
--

INSERT INTO `mst_hardware` (`kode_hardware`, `nama_hardware`, `kode_kategori`, `kode_merk`, `kode_tipe`, `tanggal_entri`, `tanggal_pembaruan`) VALUES
('KDHW.00001', 'RB 1100 SERIES', 'KTGR.00015', 'MRK.000014', 'KDTP.00009', '2018-10-24', '2018-11-21'),
('KDHW.00002', 'RB 450 G', 'KTGR.00015', 'MRK.000014', 'KDTP.00010', '2018-10-15', '2018-11-21'),
('KDHW.00003', 'UNIFI UVC G3 DOME', 'KTGR.00014', 'MRK.000013', 'KDTP.00008', '2018-09-26', '2018-11-21'),
('KDHW.00004', 'PRINTER EPSON LX-310', 'KTGR.00001', 'MRK.000001', 'KDTP.00005', '2018-10-15', '2019-03-25'),
('KDHW.00005', 'PC RAKITAN', 'KTGR.00002', 'MRK.000012', 'KDTP.00007', '2018-10-15', '2018-11-21'),
('KDHW.00006', 'LAPTOP LENOVO AMD A9-9420', 'KTGR.00004', 'MRK.000003', 'KDTP.00011', '2018-10-23', '2018-11-21'),
('KDHW.00007', 'SERVER DELL POWEREDGE R330', 'KTGR.00018', 'MRK.000004', 'KDTP.00012', '2018-11-08', '2018-11-21'),
('KDHW.00008', 'PABX PANASONIC KX-NS300', 'KTGR.00009', 'MRK.000007', 'KDTP.00013', '2018-11-08', '2018-12-28'),
('KDHW.00009', 'SWITCH TP-LINK 24 PORT', 'KTGR.00019', 'MRK.000016', 'KDTP.00014', '2018-11-08', '2018-11-21'),
('KDHW.00010', 'SWITCH D-LINK 24 PORT', 'KTGR.00019', 'MRK.000017', 'KDTP.00016', '2018-11-08', '2018-11-21'),
('KDHW.00011', 'SOLUTION X100-C', 'KTGR.00020', 'MRK.000018', 'KDTP.00017', '2018-11-08', '2018-11-21'),
('KDHW.00012', 'SERVER DELL POWEREDGE T110', 'KTGR.00018', 'MRK.000004', 'KDTP.00018', '2018-11-08', '2018-11-21'),
('KDHW.00013', 'UPS EATON POWERWARE 9120', 'KTGR.00003', 'MRK.000008', 'KDTP.00019', '2018-11-08', '2018-11-21'),
('KDHW.00014', 'HARDDISK SEAGATE BARACUDA 1 TB', 'KTGR.00010', 'MRK.000019', 'KDTP.00021', '2018-11-16', '2018-11-21'),
('KDHW.00015', 'SMARTPHONE ASUS ZENFONE 5Z', 'KTGR.00016', 'MRK.000020', 'KDTP.00023', '2018-11-28', '2018-11-28'),
('KDHW.00016', 'MONITOR LG 20M39H-B', 'KTGR.00005', 'MRK.000015', 'KDTP.00024', '2018-11-30', '2018-11-30'),
('KDHW.00017', 'LAPTOP ASUS ZENBOOK UX430UN', 'KTGR.00004', 'MRK.000020', 'KDTP.00025', '2018-12-03', '2018-12-03'),
('KDHW.00018', 'LAPTOP ASUS VIVOBOOK S410UN', 'KTGR.00004', 'MRK.000020', 'KDTP.00026', '2018-12-03', '2018-12-03'),
('KDHW.00019', 'LAPTOP ASUS A442UF', 'KTGR.00004', 'MRK.000020', 'KDTP.00027', '2018-12-03', '2018-12-03'),
('KDHW.00020', 'LAPTOP ASUS A442UR', 'KTGR.00004', 'MRK.000020', 'KDTP.00028', '2018-12-03', '2018-12-03'),
('KDHW.00021', 'LAPTOP DELL VOSTRO 14 5459', 'KTGR.00004', 'MRK.000004', 'KDTP.00029', '2018-12-03', '2018-12-03'),
('KDHW.00022', 'LAPTOP LENOVO THINKPAD EDGE E431', 'KTGR.00004', 'MRK.000003', 'KDTP.00030', '2018-12-03', '2018-12-03'),
('KDHW.00023', 'PC LENOVO THINKCENTRE A70', 'KTGR.00002', 'MRK.000003', 'KDTP.00020', '2018-12-04', '2018-12-04'),
('KDHW.00024', 'MONITOR LENOVO D186WA', 'KTGR.00005', 'MRK.000003', 'KDTP.00031', '2018-12-04', '2018-12-27'),
('KDHW.00025', 'LAPTOP ASUS ROG', 'KTGR.00004', 'MRK.000020', 'KDTP.00032', '2018-12-04', '2018-12-04'),
('KDHW.00026', 'MONITOR ACER H163HQ', 'KTGR.00005', 'MRK.000005', 'KDTP.00033', '2018-12-04', '2018-12-04'),
('KDHW.00027', 'LAPTOP LENOVO IDEAPAD G480', 'KTGR.00004', 'MRK.000003', 'KDTP.00034', '2018-12-04', '2018-12-04'),
('KDHW.00028', 'LAPTOP LENOVO IDEAPAD B480', 'KTGR.00004', 'MRK.000003', 'KDTP.00035', '2018-12-04', '2018-12-04'),
('KDHW.00029', 'LAPTOP DELL INSPIRON 14-3458', 'KTGR.00004', 'MRK.000004', 'KDTP.00036', '2018-12-05', '2018-12-05'),
('KDHW.00030', 'PC ACER ASPIRE M1930', 'KTGR.00002', 'MRK.000005', 'KDTP.00037', '2018-12-05', '2018-12-05'),
('KDHW.00031', 'MONITOR ACER P166HQL', 'KTGR.00005', 'MRK.000005', 'KDTP.00038', '2018-12-05', '2018-12-05'),
('KDHW.00032', 'MONITOR AOC E1660SW', 'KTGR.00005', 'MRK.000021', 'KDTP.00039', '2018-12-05', '2018-12-05'),
('KDHW.00033', 'MONITOR LG 20MP48A', 'KTGR.00005', 'MRK.000015', 'KDTP.00040', '2018-12-05', '2018-12-05'),
('KDHW.00034', 'LAPTOP LENOVO IDEAPAD 300-14ISK', 'KTGR.00004', 'MRK.000003', 'KDTP.00041', '2018-12-20', '2018-12-20'),
('KDHW.00035', 'LAPTOP ASUS VIVOBOOK X441B', 'KTGR.00004', 'MRK.000020', 'KDTP.00042', '2018-12-21', '2018-12-21'),
('KDHW.00036', 'SEAGATE BACKUP PLUS HUB 4 TB USB 3.0', 'KTGR.00012', 'MRK.000019', 'KDTP.00043', '2018-12-21', '2018-12-21'),
('KDHW.00037', 'SMARTPHONE XIAOMI REDMI S2', 'KTGR.00016', 'MRK.000022', 'KDTP.00044', '2018-12-24', '2018-12-24'),
('KDHW.00038', 'MONITOR LG FLATRON W1642S', 'KTGR.00005', 'MRK.000015', 'KDTP.00045', '2018-12-27', '2018-12-27'),
('KDHW.00039', 'SMART TV LG 43UK6300PTE', 'KTGR.00021', 'MRK.000015', 'KDTP.00046', '2018-12-28', '2018-12-28'),
('KDHW.00040', 'PRINTER HP LASERJET PRO M102W', 'KTGR.00001', 'MRK.000002', 'KDTP.00004', '2018-12-28', '2019-03-25'),
('KDHW.00041', 'SERVER DELL POWEREDGE T30', 'KTGR.00018', 'MRK.000004', 'KDTP.00047', '2018-12-28', '2018-12-28'),
('KDHW.00042', 'PROJECTOR INFOCUS IN114XA', 'KTGR.00013', 'MRK.000011', 'KDTP.00048', '2018-12-28', '2018-12-28'),
('KDHW.00043', 'MONITOR LG 24MP59G', 'KTGR.00005', 'MRK.000015', 'KDTP.00049', '2018-12-29', '2018-12-29'),
('KDHW.00044', 'MONITOR LG 20MP38HQ', 'KTGR.00005', 'MRK.000015', 'KDTP.00050', '2019-01-10', '2019-01-10'),
('KDHW.00045', 'MONITOR LG FLATRON E1641', 'KTGR.00005', 'MRK.000015', 'KDTP.00051', '2019-01-10', '2019-01-10'),
('KDHW.00046', 'MONITOR SAMSUNG S19F350HNE', 'KTGR.00005', 'MRK.000023', 'KDTP.00052', '2019-01-10', '2019-01-10'),
('KDHW.00047', 'PRINTER EPSON L3110', 'KTGR.00001', 'MRK.000001', 'KDTP.00053', '2019-01-10', '2019-03-25'),
('KDHW.00048', 'TELEPON PANASONIC KX-TS505MX', 'KTGR.00022', 'MRK.000007', 'KDTP.00054', '2019-01-11', '2019-01-11'),
('KDHW.00049', 'MONITOR LG 24MK430H', 'KTGR.00005', 'MRK.000015', 'KDTP.00055', '2019-01-11', '2019-01-11'),
('KDHW.00050', 'UPS PASCAL P-850CLU', 'KTGR.00003', 'MRK.000009', 'KDTP.00056', '2019-01-16', '2019-01-16'),
('KDHW.00051', 'PC ALL IN ONE AIO 20-C006L', 'KTGR.00023', 'MRK.000002', 'KDTP.00057', '2019-01-18', '2019-01-18'),
('KDHW.00052', 'MONITOR DELL E2016HV', 'KTGR.00005', 'MRK.000004', 'KDTP.00058', '2019-01-30', '2019-01-30'),
('KDHW.00053', 'SEAGATE BACKUP PLUS HUB 6 TB USB 3.0', 'KTGR.00012', 'MRK.000019', 'KDTP.00059', '2019-02-06', '2019-02-06'),
('KDHW.00054', 'SMARTPHONE XIAOMI REDMI 6', 'KTGR.00016', 'MRK.000022', 'KDTP.00060', '2019-02-08', '2019-02-08'),
('KDHW.00055', 'LAPTOP ASUS VIVOBOOK S14', 'KTGR.00004', 'MRK.000020', 'KDTP.00061', '2019-03-23', '2019-03-23'),
('KDHW.00056', 'LENOVO TAB 7 ESSENTIAL', 'KTGR.00024', 'MRK.000003', 'KDTP.00062', '2019-03-25', '2019-03-25'),
('KDHW.00057', 'LAPTOP ASUS VIVOBOOK S430U', 'KTGR.00004', 'MRK.000020', 'KDTP.00063', '2019-03-25', '2019-03-25'),
('KDHW.00058', 'SMART TV LG 32LJ500D', 'KTGR.00021', 'MRK.000015', 'KDTP.00064', '2019-03-25', '2019-03-25'),
('KDHW.00059', 'LAPTOP ASUS A407UA-BV390T', 'KTGR.00004', 'MRK.000020', 'KDTP.00065', '2019-03-25', '2019-03-25'),
('KDHW.00060', 'MODEM MIFI 4G LTE ZTE WD670', 'KTGR.00025', 'MRK.000024', 'KDTP.00066', '2019-03-25', '2019-03-25'),
('KDHW.00061', 'LAPTOP ASUS A407UF-BV061T', 'KTGR.00004', 'MRK.000020', 'KDTP.00067', '2019-03-25', '2019-03-25'),
('KDHW.00062', 'PC HP COMPAQ 8100 ELITE', 'KTGR.00002', 'MRK.000002', 'KDTP.00068', '2019-03-25', '2019-03-25'),
('KDHW.00063', 'PC HP COMPAQ 6200 PRO', 'KTGR.00002', 'MRK.000002', 'KDTP.00069', '2019-03-27', '2019-03-27'),
('KDHW.00064', 'PC DELL OPTIPLEX 390', 'KTGR.00002', 'MRK.000004', 'KDTP.00070', '2019-03-28', '2019-03-28'),
('KDHW.00065', 'UNIFI UVC NVR 2 TB', 'KTGR.00026', 'MRK.000013', 'KDTP.00071', '2019-03-28', '2019-03-28'),
('KDHW.00066', 'PC DELL XPS 8930', 'KTGR.00002', 'MRK.000004', 'KDTP.00072', '2019-03-28', '2019-03-28'),
('KDHW.00067', 'MONITOR LG 20MK400H-B', 'KTGR.00005', 'MRK.000015', 'KDTP.00073', '2019-03-28', '2019-03-28'),
('KDHW.00068', 'UPS APC BX1400U-MS', 'KTGR.00003', 'MRK.000010', 'KDTP.00074', '2019-04-01', '2019-04-01'),
('KDHW.00069', 'UPS APC SMT3000I', 'KTGR.00003', 'MRK.000010', 'KDTP.00075', '2019-04-01', '2019-04-01'),
('KDHW.00070', 'PABX PANASONIC KX-TDA100', 'KTGR.00009', 'MRK.000007', 'KDTP.00076', '2019-04-05', '2019-04-05'),
('KDHW.00071', 'LAPTOP ASUS VIVOBOOK X441UA', 'KTGR.00004', 'MRK.000020', 'KDTP.00077', '2019-04-05', '2019-04-05'),
('KDHW.00072', 'SMARTPHONE XIAOMI MI A2', 'KTGR.00016', 'MRK.000022', 'KDTP.00078', '2019-04-09', '2019-04-09'),
('KDHW.00073', 'LAPTOP ASUS VIVOBOOK S330FA', 'KTGR.00004', 'MRK.000020', 'KDTP.00079', '2019-04-18', '2019-04-18');

-- --------------------------------------------------------

--
-- Table structure for table `mst_kabupaten_kota`
--

CREATE TABLE `mst_kabupaten_kota` (
  `kode_kabupaten_kota` varchar(10) NOT NULL,
  `nama_kabupaten_kota` varchar(50) NOT NULL,
  `tanggal_entri` date NOT NULL,
  `tanggal_pembaruan` date NOT NULL
) ENGINE=InnoDB DEFAULT CHARSET=latin1;

--
-- Dumping data for table `mst_kabupaten_kota`
--

INSERT INTO `mst_kabupaten_kota` (`kode_kabupaten_kota`, `nama_kabupaten_kota`, `tanggal_entri`, `tanggal_pembaruan`) VALUES
('11.01', 'KABUPATEN ACEH SELATAN', '2018-11-24', '2018-11-24'),
('11.02', 'KABUPATEN ACEH TENGGARA', '2018-11-24', '2018-11-24'),
('11.03', 'KABUPATEN ACEH TIMUR', '2018-11-24', '2018-11-24'),
('11.04', 'KABUPATEN ACEH TENGAH', '2018-11-24', '2018-11-24'),
('11.05', 'KABUPATEN ACEH BARAT', '2018-11-24', '2018-11-24'),
('11.06', 'KABUPATEN ACEH BESAR', '2018-11-24', '2018-11-24'),
('11.07', 'KABUPATEN PIDIE', '2018-11-24', '2018-11-24'),
('11.08', 'KABUPATEN ACEH UTARA', '2018-11-24', '2018-11-24'),
('11.09', 'KABUPATEN SIMEULUE', '2018-11-24', '2018-11-24'),
('11.10', 'KABUPATEN ACEH SINGKIL', '2018-11-24', '2018-11-24'),
('11.11', 'KABUPATEN BIREUEN', '2018-11-24', '2018-11-24'),
('11.12', 'KABUPATEN ACEH BARAT DAYA', '2018-11-24', '2018-11-24'),
('11.13', 'KABUPATEN GAYO LUES', '2018-11-24', '2018-11-24'),
('11.14', 'KABUPATEN ACEH JAYA', '2018-11-24', '2018-11-24'),
('11.15', 'KABUPATEN NAGAN RAYA', '2018-11-24', '2018-11-24'),
('11.16', 'KABUPATEN ACEH TAMIANG', '2018-11-24', '2018-11-24'),
('11.17', 'KABUPATEN BENER MERIAH', '2018-11-24', '2018-11-24'),
('11.18', 'KABUPATEN PIDIE JAYA', '2018-11-24', '2018-11-24'),
('11.71', 'KOTA BANDA ACEH', '2018-11-24', '2018-11-24'),
('11.72', 'KOTA SABANG', '2018-11-24', '2018-11-24'),
('11.73', 'KOTA LHOKSEUMAWE', '2018-11-24', '2018-11-24'),
('11.74', 'KOTA LANGSA', '2018-11-24', '2018-11-24'),
('11.75', 'KOTA SABULUSSALAM', '2018-11-24', '2018-11-24'),
('12.01', 'KABUPATEN TAPANULI TENGAH', '2018-11-24', '2018-11-24'),
('12.02', 'KABUPATEN TAPANULI UTARA', '2018-11-24', '2018-11-24'),
('12.03', 'KABUPATEN TAPANULI SELATAN', '2018-11-24', '2018-11-24'),
('12.04', 'KABUPATEN NIAS', '2018-11-24', '2018-11-24'),
('12.05', 'KABUPATEN LANGKAT', '2018-11-24', '2018-11-24'),
('12.06', 'KABUPATEN KARO', '2018-11-24', '2018-11-24'),
('12.07', 'KABUPATEN DELI SERDANG', '2018-11-24', '2018-11-24'),
('12.08', 'KABUPATEN SIMALUNGUN', '2018-11-24', '2018-11-24'),
('12.09', 'KABUPATEN ASAHAN', '2018-11-24', '2018-11-24'),
('12.10', 'KABUPATEN LABUHANBATU', '2018-11-24', '2018-11-24'),
('12.11', 'KABUPATEN DAIRI', '2018-11-24', '2018-11-24'),
('12.12', 'KABUPATEN TTOBA SAMOSIR', '2018-11-24', '2018-11-24'),
('12.13', 'KABUPATEN MANDAILING NATAL', '2018-11-24', '2018-11-24'),
('12.14', 'KABUPATEN NIAS SELATAN', '2018-11-24', '2018-11-24'),
('12.15', 'KABUPATEN PAKPAK BHARAT', '2018-11-24', '2018-11-24'),
('12.16', 'KABUPATEN HUMBANG HASUNDUTAN', '2018-11-24', '2018-11-24'),
('12.17', 'KABUPATEN SAMOSIR', '2018-11-24', '2018-11-24'),
('12.18', 'KABUPATEN SERDANG BEDAGAI', '2018-11-24', '2018-11-24'),
('12.19', 'KABUPATEN BATUBARA', '2018-11-24', '2018-11-24'),
('12.20', 'KABUPATEN PADANG LAWAS UTARA', '2018-11-24', '2018-11-24'),
('12.21', 'KABUPATEN PADANG LAWAS', '2018-11-24', '2018-11-24'),
('12.22', 'KABUPATEN LABUHANBATU SELATAN', '2018-11-24', '2018-11-24'),
('12.23', 'KABUPATEN LABUHANBATU UTARA', '2018-11-24', '2018-11-24'),
('12.24', 'KABUPATEN NIAS UTARA', '2018-11-24', '2018-11-24'),
('12.25', 'KABUPATEN NIAS BARAT', '2018-11-24', '2018-11-24'),
('12.71', 'KOTA MEDAN', '2018-11-24', '2018-11-24'),
('12.72', 'KOTA PEMATANG SIANTAR', '2018-11-24', '2018-11-24'),
('12.73', 'KOTA SIBOLGA', '2018-11-24', '2018-11-24'),
('12.74', 'KOTA TANJUNG BALAI', '2018-11-24', '2018-11-24'),
('12.75', 'KOTA BINJAI', '2018-11-24', '2018-11-24'),
('12.76', 'KOTA TEBING TINGGI', '2018-11-24', '2018-11-24'),
('12.77', 'KOTA PADANGSIDEMPUAN', '2018-11-24', '2018-11-24'),
('12.78', 'KOTA GUNUNGSITOLI', '2018-11-24', '2018-11-24'),
('13.01', 'KABUPATEN PESISIR SELATAN', '2018-11-24', '2018-11-24'),
('13.02', 'KABUPATEN SOLOK', '2018-11-24', '2018-11-24'),
('13.03', 'KABUPATEN SIJUNJUNG', '2018-11-24', '2018-11-24'),
('13.04', 'KABUPATEN TANAH DATAR', '2018-11-24', '2018-11-24'),
('13.05', 'KABUPATEN PADANG PARIAMAN', '2018-11-24', '2018-11-24'),
('13.06', 'KABUPATEN AGAM', '2018-11-24', '2018-11-24'),
('13.07', 'KABUPATEN LIMA PULUH KOTA', '2018-11-24', '2018-11-24'),
('13.08', 'KABUPATEN PASAMAN', '2018-11-24', '2018-11-24'),
('13.09', 'KABUPATEN KEPULAUAN MENTAWAI', '2018-11-24', '2018-11-24'),
('13.10', 'KABUPATEN DHARMASRAYA', '2018-11-24', '2018-11-24'),
('13.11', 'KABUPATEN SOLOK SELATAN', '2018-11-24', '2018-11-24'),
('13.12', 'KABUPATEN PASAMAN BARAT', '2018-11-24', '2018-11-24'),
('13.71', 'KOTA PADANG', '2018-11-24', '2018-11-24'),
('13.72', 'KOTA SOLOK', '2018-11-24', '2018-11-24'),
('13.73', 'KOTA SAWAHLUNTO', '2018-11-24', '2018-11-24'),
('13.74', 'KOTA PADANG PANJANG', '2018-11-24', '2018-11-24'),
('13.75', 'KOTA BUKITTINGGI', '2018-11-24', '2018-11-24'),
('13.76', 'KOTA PAYAKUMBUH', '2018-11-24', '2018-11-24'),
('13.77', 'KOTA PARIAMAN', '2018-11-24', '2018-11-24'),
('14.01', 'KABUPATEN KEMPAR', '2018-11-24', '2018-11-24'),
('14.02', 'KABUPATEN INDRAGIRI HULU', '2018-11-24', '2018-11-24'),
('14.03', 'KABUPATEN BANGKALIS', '2018-11-24', '2018-11-24'),
('14.04', 'KABUPATEN INDRAGIRI HILIR', '2018-11-24', '2018-11-24'),
('14.05', 'KABUPATEN PELALAWAN', '2018-11-24', '2018-11-24'),
('14.06', 'KABUPATEN ROKAN HULU', '2018-11-24', '2018-11-24'),
('14.07', 'KABUPATEN ROKAN HILIR', '2018-11-24', '2018-11-24'),
('14.08', 'KABUPATEN SIAK', '2018-11-24', '2018-11-24'),
('14.09', 'KABUPATEN KUANTAN SINGINGI', '2018-11-24', '2018-11-24'),
('14.10', 'KABUPATEN KEPULAUAN MERANTI', '2018-11-24', '2018-11-24'),
('14.71', 'KOTA PEKANBARU', '2018-11-24', '2018-11-24'),
('14.72', 'KOTA DUMAI', '2018-11-24', '2018-11-24'),
('15.01', 'KABUPATEN KERINCI', '2018-11-24', '2018-11-24'),
('15.02', 'KABUPATEN MERANGIN', '2018-11-24', '2018-11-24'),
('15.03', 'KABUPATEN SAROLANGUN', '2018-11-24', '2018-11-24'),
('15.04', 'KABUPATEN BATANGHARI', '2018-11-24', '2018-11-24'),
('15.05', 'KABUPATEN MUARO JAMBI', '2018-11-24', '2018-11-24'),
('15.06', 'KABUPATEN TANJUNG JABUNG BARAT', '2018-11-24', '2018-11-24'),
('15.07', 'KABUPATEN TANJUNG JABUNG TIMUR', '2018-11-24', '2018-11-24'),
('15.08', 'KABUPATEN BUNGO', '2018-11-24', '2018-11-24'),
('15.09', 'KABUPATEN TEBO', '2018-11-24', '2018-11-24'),
('15.71', 'KOTA JAMBI', '2018-11-24', '2018-11-24'),
('15.72', 'KOTA SUNGAI PENUH', '2018-11-24', '2018-11-24'),
('16.01', 'KABUPATEN OGAN KOMERING ULU', '2018-03-19', '2018-11-21'),
('16.02', 'KABUPATEN OGAN KOMERING ILIR', '2018-03-19', '2018-11-21'),
('16.03', 'KABUPATEN MUARA ENIM', '2018-03-19', '2018-11-21'),
('16.04', 'KABUPATEN LAHAT', '2018-04-23', '2018-11-21'),
('16.05', 'KABUPATEN MUSI RAWAS', '2018-03-19', '2018-11-21'),
('16.06', 'KABUPATEN MUSI BANYUASIN', '2018-03-19', '2018-11-21'),
('16.07', 'KABUPATEN BANYUASIN', '2018-03-19', '2018-11-21'),
('16.08', 'KABUPATEN OGAN KOMERING ULU TIMUR', '2018-03-19', '2018-11-21'),
('16.09', 'KABUPATEN OGAN KOMERING ULU SELATAN', '2018-03-19', '2018-11-21'),
('16.10', 'KABUPATEN OGAN ILIR', '2018-03-19', '2018-11-21'),
('16.11', 'KABUPATEN EMPAT LAWANG', '2018-03-19', '2018-11-21'),
('16.12', 'KABUPATEN PENUKAL ARAB LEMATANG ILIR', '2018-03-19', '2018-11-21'),
('16.13', 'KABUPATEN MUSI RAWAS UTARA', '2018-03-19', '2018-11-21'),
('16.71', 'KOTA PALEMBANG', '2018-03-19', '2018-11-21'),
('16.72', 'KOTA PAGAR ALAM', '2018-03-19', '2018-11-21'),
('16.73', 'KOTA LUBUK LINGGAU', '2018-03-19', '2018-11-21'),
('16.74', 'KOTA PRABUMULIH', '2018-03-19', '2018-11-21'),
('17.01', 'KABUPATEN BENGKULU SELATAN', '2018-11-24', '2018-11-24'),
('17.02', 'KABUPATEN REJANG LEBONG', '2018-11-24', '2018-11-24'),
('17.03', 'KABUPATEN BENGKULU UTARA', '2018-11-24', '2018-11-24'),
('17.04', 'KABUPATEN KAUR', '2018-11-24', '2018-11-24'),
('17.05', 'KABUPATEN SELUMA', '2018-11-24', '2018-11-24'),
('17.06', 'KABUPATEN MUKOMUKO', '2018-11-24', '2018-11-24'),
('17.07', 'KABUPATEN LEBONG', '2018-11-24', '2018-11-24'),
('17.08', 'KABUPATEN KEPAHIANG', '2018-11-24', '2018-11-24'),
('17.09', 'KABUPATEN BENGKULU TENGAH', '2018-11-24', '2018-11-24'),
('17.71', 'KOTA BENGKULU', '2018-11-24', '2018-11-24'),
('18.01', 'KABUPATEN LAMPUNG SELATAN', '2018-11-24', '2018-11-24'),
('18.02', 'KABUPATEN LAMPUNG TENGAH', '2018-11-24', '2018-11-24'),
('18.03', 'KABUPATEN LAMPUNG UTARA', '2018-11-24', '2018-11-24'),
('18.04', 'KABUPATEN LAMPUNG BARAT', '2018-11-24', '2018-11-24'),
('18.05', 'KABUPATEN TULANG BAWANG', '2018-11-24', '2018-11-24'),
('18.06', 'KABUPATEN TANGGAMUS', '2018-11-24', '2018-11-24'),
('18.07', 'KABUPATEN LAMPUNG TIMUR', '2018-11-24', '2018-11-24'),
('18.08', 'KABUPATEN WAY KANAN', '2018-11-24', '2018-11-24'),
('18.09', 'KABUPATEN PESAWARAN', '2018-11-24', '2018-11-24'),
('18.10', 'KABUPATEN PRINGSEWU', '2018-11-24', '2018-11-24'),
('18.11', 'KABUPATEN MESUJI', '2018-11-24', '2018-11-24'),
('18.12', 'KABUPATEN TULANG BAWANG BARAT', '2018-11-24', '2018-11-24'),
('18.13', 'KABUPATEN PESISIR BARAT', '2018-11-24', '2018-11-24'),
('18.71', 'KOTA BANDAR LAMPUNG', '2018-11-24', '2018-11-24'),
('18.72', 'KOTA METRO', '2018-11-24', '2018-11-24'),
('19.01', 'KABUPATEN BANGKA', '2018-11-24', '2018-11-24'),
('19.02', 'KABUPATEN BELITUNG', '2018-11-24', '2018-11-24'),
('19.03', 'KABUPATEN BANGKA SELATAN', '2018-11-24', '2018-11-24'),
('19.04', 'KABUPATEN BANGKA TENGAH', '2018-11-24', '2018-11-24'),
('19.05', 'KABUPATEN BANGKA BARAT', '2018-11-24', '2018-11-24'),
('19.06', 'KABUPATEN BANGKA TIMUR', '2018-11-24', '2018-11-24'),
('19.71', 'KOTA PANGKAL PINANG', '2018-11-24', '2018-11-24'),
('21.01', 'KABUPATEN BINTAN', '2018-11-24', '2018-11-24'),
('21.02', 'KABUPATEN KARIMUN', '2018-11-24', '2018-11-24'),
('21.03', 'KABUPATEN NATUNA', '2018-11-24', '2018-11-24'),
('21.04', 'KABUPATEN LINGGA', '2018-11-24', '2018-11-24'),
('21.05', 'KABUPATEN KEPULAUAN ANAMBAS', '2018-11-24', '2018-11-24'),
('21.71', 'KOTA BATAM', '2018-11-24', '2018-11-24'),
('21.72', 'KOTA TANJUNG PINANG', '2018-11-24', '2018-11-24'),
('31.01', 'KABUPATEN KEP. SERIBU', '2018-06-02', '2018-11-21'),
('31.71', 'KOTA JAKARTA PUSAT', '2018-06-02', '2018-11-21'),
('31.72', 'KOTA JAKARTA UTARA', '2018-06-02', '2018-11-21'),
('31.73', 'KOTA JAKARTA BARAT', '2018-06-02', '2018-11-21'),
('31.74', 'KOTA JAKARTA SELATAN', '2018-06-02', '2018-11-21'),
('31.75', 'KOTA JAKARTA TIMUR', '2018-06-02', '2018-11-21'),
('32.01', 'KABUPATEN BOGOR', '2018-03-19', '2018-11-21'),
('32.02', 'KABUPATEN SUKABUMI', '2018-03-19', '2018-11-21'),
('32.03', 'KABUPATEN CIANJUR', '2018-03-19', '2018-11-21'),
('32.04', 'KABUPATEN BANDUNG', '2018-03-19', '2018-11-21'),
('32.05', 'KABUPATEN GARUT', '2018-03-19', '2018-11-21'),
('32.06', 'KABUPATEN TASIKMALAYA', '2018-03-19', '2018-11-21'),
('32.07', 'KABUPATEN CIAMIS', '2018-03-19', '2018-11-21'),
('32.08', 'KABUPATEN KUNINGAN', '2018-03-19', '2018-11-21'),
('32.09', 'KABUPATEN CIREBON', '2018-03-19', '2018-11-21'),
('32.10', 'KABUPATEN MAJALENGKA', '2018-03-19', '2018-11-21'),
('32.11', 'KABUPATEN SUMEDANG', '2018-03-19', '2018-11-21'),
('32.12', 'KABUPATEN INDRAMAYU', '2018-03-19', '2018-11-21'),
('32.13', 'KABUPATEN SUBANG', '2018-03-19', '2018-11-21'),
('32.14', 'KABUPATEN PURWAKARTA', '2018-03-19', '2018-11-21'),
('32.15', 'KABUPATEN KARAWANG', '2018-03-19', '2018-11-21'),
('32.16', 'KABUPATEN BEKASI', '2018-03-19', '2018-11-21'),
('32.17', 'KABUPATEN BANDUNG BARAT', '2018-03-19', '2018-11-21'),
('32.18', 'KABUPATEN PANGANDARAN', '2018-03-19', '2018-11-21'),
('32.71', 'KOTA BOGOR', '2018-03-19', '2018-11-21'),
('32.72', 'KOTA SUKABUMI', '2018-03-19', '2018-11-21'),
('32.73', 'KOTA BANDUNG', '2018-03-19', '2018-11-21'),
('32.74', 'KOTA CIREBON', '2018-03-19', '2018-11-21'),
('32.75', 'KOTA BEKASI', '2018-03-19', '2018-11-21'),
('32.76', 'KOTA DEPOK', '2018-03-19', '2018-11-21'),
('32.77', 'KOTA CIMAHI', '2018-03-19', '2018-11-21'),
('32.78', 'KOTA TASIKMALAYA', '2018-03-19', '2018-11-21'),
('32.79', 'KOTA BANJAR', '2018-03-19', '2018-11-21'),
('33.01', 'KABUPATEN CILACAP', '2018-11-24', '2018-11-24'),
('33.02', 'KABUPATEN BANYUMAS', '2018-11-24', '2018-11-24'),
('33.03', 'KABUPATEN PURBALINGGA', '2018-11-24', '2018-11-24'),
('33.04', 'KABUPATEN BANJARNEGARA', '2018-11-24', '2018-11-24'),
('33.05', 'KABUPATEN KEBUMEN', '2018-11-24', '2018-11-24'),
('33.06', 'KABUPATEN PURWOREJO', '2018-11-24', '2018-11-24'),
('33.07', 'KABUPATEN WONOSOBO', '2018-11-24', '2018-11-24'),
('33.08', 'KABUPATEN MAGELANG', '2018-11-24', '2018-11-24'),
('33.09', 'KABUPATEN BOYOLALI', '2018-11-24', '2018-11-24'),
('33.10', 'KABUPATEN KLATEN', '2018-11-24', '2018-11-24'),
('33.11', 'KABUPATEN SUKOHARJO', '2018-11-24', '2018-11-24'),
('33.12', 'KABUPATEN WONOGIRI', '2018-11-24', '2018-11-24'),
('33.13', 'KABUPATEN KARANGANYAR', '2018-11-24', '2018-11-24'),
('33.14', 'KABUPATEN KLATEN', '2018-11-24', '2018-11-24'),
('33.15', 'KABUPATEN GROBOGAN', '2018-11-24', '2018-11-24'),
('33.16', 'KABUPATEN BLORA', '2018-11-24', '2018-11-24'),
('33.17', 'KABUPATEN REMBANG', '2018-11-24', '2018-11-24'),
('33.18', 'KABUPATEN PATI', '2018-11-24', '2018-11-24'),
('33.19', 'KABUPATEN KUDUS', '2018-11-24', '2018-11-24'),
('33.20', 'KABUPATEN JEPARA', '2018-11-24', '2018-11-24'),
('33.21', 'KABUPATEN DEMAK', '2018-11-24', '2018-11-24'),
('33.22', 'KABUPATEN SEMARANG', '2018-11-24', '2018-11-24'),
('33.23', 'KABUPATEN TEMANGGUNG', '2018-11-24', '2018-11-24'),
('33.24', 'KABUPATEN KENDAL', '2018-11-24', '2018-11-24'),
('33.25', 'KABUPATEN BATANG', '2018-11-24', '2018-11-24'),
('33.26', 'KABUPATEN PEKALONGAN', '2018-11-24', '2018-11-24'),
('33.27', 'KABUPATEN PEMALANG', '2018-11-24', '2018-11-24'),
('33.28', 'KABUPATEN TEGAL', '2018-11-24', '2018-11-24'),
('33.29', 'KABUPATEN BREBES', '2018-11-24', '2018-11-24'),
('33.71', 'KOTA MAGELANG', '2018-11-24', '2018-11-24'),
('33.72', 'KOTA SURAKARTA', '2018-11-24', '2018-11-24'),
('33.73', 'KOTA SALATIGA', '2018-11-24', '2018-11-24'),
('33.74', 'KOTA SEMARANG', '2018-11-24', '2018-11-24'),
('33.75', 'KOTA PEKALONGAN', '2018-11-24', '2018-11-24'),
('33.76', 'KOTA TEGAL', '2018-11-24', '2018-11-24'),
('34.01', 'KABUPATEN KULON PROGO', '2018-11-24', '2018-11-24'),
('34.02', 'KABUPATEN BANTUL', '2018-11-24', '2018-11-24'),
('34.03', 'KABUPATEN GUNUNG KIDUL', '2018-11-24', '2018-11-24'),
('34.04', 'KABUPATEN SLEMAN', '2018-11-24', '2018-11-24'),
('34.71', 'KOTA YOGYAKARTA', '2018-11-24', '2018-11-24'),
('35.01', 'KABUPATEN PACITAN', '2018-11-24', '2018-11-24'),
('35.02', 'KABUPATEN PONOROGO', '2018-11-24', '2018-11-24'),
('35.03', 'KABUPATEN TRENGGALEK', '2018-11-24', '2018-11-24'),
('35.04', 'KABUPATEN TULUNGAGUNG', '2018-11-24', '2018-11-24'),
('35.05', 'KABUPATEN BLITAR', '2018-11-24', '2018-11-24'),
('35.06', 'KABUPATEN KEDIRI', '2018-11-24', '2018-11-24'),
('35.07', 'KABUPATEN MALANG', '2018-11-24', '2018-11-24'),
('35.08', 'KABUPATEN LUMAJANG', '2018-11-24', '2018-11-24'),
('35.09', 'KABUPATEN JEMBER', '2018-11-24', '2018-11-24'),
('35.10', 'KABUPATEN BANYUWANGI', '2018-11-24', '2018-11-24'),
('35.11', 'KABUPATEN BONDOWOSO', '2018-11-24', '2018-11-24'),
('35.12', 'KABUPATEN SITUBONDO', '2018-11-24', '2018-11-24'),
('35.13', 'KABUPATEN PROBOLINGGO', '2018-11-24', '2018-11-24'),
('35.14', 'KABUPATEN PASURUAN', '2018-11-24', '2018-11-24'),
('35.15', 'KABUPATEN SIDOARJO', '2018-11-24', '2018-11-24'),
('35.16', 'KABUPATEN MOJOKERTO', '2018-11-24', '2018-11-24'),
('35.17', 'KABUPATEN JOMBANG', '2018-11-24', '2018-11-24'),
('35.18', 'KABUPATEN NGANJUK', '2018-11-24', '2018-11-24'),
('35.19', 'KABUPATEN MADIUN', '2018-11-24', '2018-11-24'),
('35.20', 'KABUPATEN MAGETAN', '2018-11-24', '2018-11-24'),
('35.21', 'KABUPATEN NGAWI', '2018-11-24', '2018-11-24'),
('35.22', 'KABUPATEN BOJONEGORO', '2018-11-24', '2018-11-24'),
('35.23', 'KABUPATEN TUBAN', '2018-11-24', '2018-11-24'),
('35.24', 'KABUPATEN LAMONGAN', '2018-11-24', '2018-11-24'),
('35.25', 'KABUPATEN GRESIK', '2018-11-24', '2018-11-24'),
('35.26', 'KABUPATEN BANGKALAN', '2018-11-24', '2018-11-24'),
('35.27', 'KABUPATEN SAMPANG', '2018-11-24', '2018-11-24'),
('35.28', 'KABUPATEN PAMEKASAN', '2018-11-24', '2018-11-24'),
('35.29', 'KABUPATEN SUMENEP', '2018-11-24', '2018-11-24'),
('35.72', 'KOTA BLITAR', '2018-11-24', '2018-11-24'),
('35.73', 'KOTA MALANG', '2018-11-24', '2018-11-24'),
('35.74', 'KOTA PROBOLINGGO', '2018-11-24', '2018-11-24'),
('35.75', 'KOTA PASURUAN', '2018-11-24', '2018-11-24'),
('35.76', 'KOTA MOJOKERTO', '2018-11-24', '2018-11-24'),
('35.77', 'KOTA MADIUN', '2018-11-24', '2018-11-24'),
('35.78', 'KOTA SURABAYA', '2018-11-24', '2018-11-24'),
('35.79', 'KOTA BATU', '2018-11-24', '2018-11-24'),
('36.01', 'KABUPATEN PANDEGLANG', '2018-10-23', '2018-11-21'),
('36.02', 'KABUPATEN LEBAK', '2018-10-23', '2018-11-21'),
('36.03', 'KABUPATEN TANGERANG', '2018-10-23', '2018-11-21'),
('36.04', 'KABUPATEN SERANG', '2018-10-23', '2018-11-21'),
('36.71', 'KOTA TANGERANG', '2018-10-23', '2018-11-21'),
('36.72', 'KOTA CILEGON', '2018-10-23', '2018-11-21'),
('36.73', 'KOTA SERANG', '2018-10-23', '2018-11-21'),
('36.74', 'KOTA TANGERANG SELATAN', '2018-10-23', '2018-11-21'),
('51.01', 'KABUPATEN JEMBRANA', '2018-11-26', '2018-11-26'),
('51.02', 'KABUPATEN TABANAN', '2018-11-26', '2018-11-26'),
('51.03', 'KABUPATEN BADUNG', '2018-11-26', '2018-11-26'),
('51.04', 'KABUPATEN GIANYAR', '2018-11-26', '2018-11-26'),
('51.05', 'KABUPATEN KLUNGKUNG', '2018-11-26', '2018-11-26'),
('51.06', 'KABUPATEN BANGLI', '2018-11-26', '2018-11-26'),
('51.07', 'KABUPATEN KARANGASEM', '2018-11-26', '2018-11-26'),
('51.08', 'KABUPATEN BULELENG', '2018-11-26', '2018-11-26'),
('51.71', 'KOTA DENPASAR', '2018-11-26', '2018-11-26'),
('52.01', 'KABUPATEN LOMBOK BARAT', '2018-11-26', '2018-11-26'),
('52.02', 'KABUPATEN LOMBOK TENGAH', '2018-11-26', '2018-11-26'),
('52.03', 'KABUPATEN LOMBOK TIMUR', '2018-11-26', '2018-11-26'),
('52.04', 'KABUPATEN SUMBAWA', '2018-11-26', '2018-11-26'),
('52.05', 'KABUPATEN DOMPU', '2018-11-26', '2018-11-26'),
('52.06', 'KABUPATEN BIMA', '2018-11-26', '2018-11-26'),
('52.07', 'KABUPATEN SUMBAWA BARAT', '2018-11-26', '2018-11-26'),
('52.08', 'KABUPATEN LOMBOK UTARA', '2018-11-26', '2018-11-26'),
('52.71', 'KOTA MATARAM', '2018-11-26', '2018-11-26'),
('52.72', 'KOTA BIMA', '2018-11-26', '2018-11-26'),
('53.01', 'KABUPATEN KUPANG', '2018-11-26', '2018-11-26'),
('53.02', 'KABUPATEN TIMOR TENGAH SELATAN', '2018-11-26', '2018-11-26'),
('53.03', 'KABUPATEN TIMOR TENGAH UTARA', '2018-11-26', '2018-11-26'),
('53.04', 'KABUPATEN BELU', '2018-11-26', '2018-11-26'),
('53.05', 'KABUPATEN ALOR', '2018-11-26', '2018-11-26'),
('53.06', 'KABUPATEN FLORES TIMUR', '2018-11-26', '2018-11-26'),
('53.07', 'KABUPATEN SIKKA', '2018-11-26', '2018-11-26'),
('53.08', 'KABUPATEN ENDE', '2018-11-26', '2018-11-26'),
('53.09', 'KABUPATEN NGADA', '2018-11-26', '2018-11-26'),
('53.10', 'KABUPATEN MANGGARAI', '2018-11-26', '2018-11-26'),
('53.11', 'KABUPATEN SUMBA TIMUR', '2018-11-26', '2018-11-26'),
('53.12', 'KABUPATEN SUMBA BARAT', '2018-11-26', '2018-11-26'),
('53.13', 'KABUPATEN LEMBATA', '2018-11-26', '2018-11-26'),
('53.14', 'KABUPATEN LETO NDAO', '2018-11-26', '2018-11-26'),
('53.15', 'KABUPATEN MANGGARAI BARAT', '2018-11-26', '2018-11-26'),
('53.16', 'KABUPATEN NAGEKEO', '2018-11-26', '2018-11-26'),
('53.17', 'KABUPATEN SUMBA TENGAH', '2018-11-26', '2018-11-26'),
('53.18', 'KABUPATEN SUMBA BARAT DAYA', '2018-11-26', '2018-11-26'),
('53.19', 'KABUPATEN MANGGARAI TIMUR', '2018-11-26', '2018-11-26'),
('53.20', 'KABUPATEN SABU RAIJUA', '2018-11-26', '2018-11-26'),
('53.21', 'KABUPATEN MALAKA', '2018-11-26', '2018-11-26'),
('53.71', 'KOTA KUPANG', '2018-11-26', '2018-11-26'),
('61.01', 'KABUPATEN SAMBAS', '2018-11-26', '2018-11-26'),
('61.02', 'KABUPATEN MEMPAWAH', '2018-11-26', '2018-11-26'),
('61.03', 'KABUPATEN SANGGAU', '2018-11-26', '2018-11-26'),
('61.04', 'KABUPATEN KETAPANG', '2018-11-26', '2018-11-26'),
('61.05', 'KABUPATEN SINTANG', '2018-11-26', '2018-11-26'),
('61.06', 'KABUPATEN KAPUAS HULU', '2018-11-26', '2018-11-26'),
('61.07', 'KABUPATEN BENGKAYANG', '2018-11-26', '2018-11-26'),
('61.08', 'KABUPATEN LANDAK', '2018-11-26', '2018-11-26'),
('61.09', 'KABUPATEN SEKADAU', '2018-11-26', '2018-11-26'),
('61.10', 'KABUPATEN MELAWI', '2018-11-26', '2018-11-26'),
('61.11', 'KABUPATEN KAYONG UTARA', '2018-11-26', '2018-11-26'),
('61.12', 'KABUPATEN KUBU RAYA', '2018-11-26', '2018-11-26'),
('61.71', 'KOTA PONTIANAK', '2018-11-26', '2018-11-26'),
('61.72', 'KOTA SINGKAWANG', '2018-11-26', '2018-11-26'),
('62.01', 'KABUPATEN KOTAWARINGIN BARAT', '2018-11-26', '2018-11-26'),
('62.02', 'KABUPATEN KOTAWARINGIN TIMUR', '2018-11-26', '2018-11-26'),
('62.03', 'KABUPATEN KAPUAS', '2018-11-26', '2018-11-26'),
('62.04', 'KABUPATEN BARITO SELATAN', '2018-11-26', '2018-11-26'),
('62.05', 'KABUPATEN BARITO UTARA', '2018-11-26', '2018-11-26'),
('62.06', 'KABUPATEN KATINGAN', '2018-11-26', '2018-11-26'),
('62.07', 'KABUPATEN SERUYAN', '2018-11-26', '2018-11-26'),
('62.08', 'KABUPATEN SUKAMARA', '2018-11-26', '2018-11-26'),
('62.09', 'KABUPATEN LAMADAU', '2018-11-26', '2018-11-26'),
('62.10', 'KABUPATEN GUNUNG MAS', '2018-11-26', '2018-11-26'),
('62.11', 'KABUPATEN PULANG PISAU', '2018-11-26', '2018-11-26'),
('62.12', 'KABUPATEN MURUNG RAYA', '2018-11-26', '2018-11-26'),
('62.13', 'KABUPATEN BARITO TIMUR', '2018-11-26', '2018-11-26'),
('62.71', 'KOTA PALANGKA RAYA', '2018-11-26', '2018-11-26'),
('63.01', 'KABUPATEN TANAH LAUT', '2018-11-26', '2018-11-26'),
('63.02', 'KABUPATEN KOTA BARU', '2018-11-26', '2018-11-26'),
('63.03', 'KABUPATEN BANJAR', '2018-11-26', '2018-11-26'),
('63.04', 'KABUPATEN BARITO KUALA', '2018-11-26', '2018-11-26'),
('63.05', 'KABUPATEN TAPIN', '2018-11-26', '2018-11-26'),
('63.06', 'KABUPATEN HULU SUNGAI SELATAN', '2018-11-26', '2018-11-26'),
('63.07', 'KABUPATEN HULU SUNGAI TENGAH', '2018-11-26', '2018-11-26'),
('63.08', 'KABUPATEN HULU SUNGAI UTARA', '2018-11-26', '2018-11-26'),
('63.09', 'KABUPATEN TABALONG', '2018-11-26', '2018-11-26'),
('63.10', 'KABUPATEN TANAH BUMBU', '2018-11-26', '2018-11-26'),
('63.11', 'KABUPATEN BALANGAN', '2018-11-26', '2018-11-26'),
('63.71', 'KOTA BANJARMASIN', '2018-11-26', '2018-11-26'),
('63.72', 'KOTA BANJARBARU', '2018-11-26', '2018-11-26'),
('64.01', 'KABUPATEN PASER', '2018-11-26', '2018-11-26'),
('64.02', 'KABUPATEN KUTAI KARTANEGARA', '2018-11-26', '2018-11-26'),
('64.03', 'KABUPATEN BERAU', '2018-11-26', '2018-11-26'),
('64.07', 'KABUPATEN KUTAI BARAT', '2018-11-26', '2018-11-26'),
('64.08', 'KABUPATEN KUTAI TIMUR', '2018-11-26', '2018-11-26'),
('64.09', 'KABUPATEN PANAJAM PASER UTARA', '2018-11-26', '2018-11-26'),
('64.11', 'KABUPATEN MAHAKAM ULU', '2018-11-26', '2018-11-26'),
('64.71', 'KOTA BALIKPAPAN', '2018-11-26', '2018-11-26'),
('64.72', 'KOTA SAMARINDA', '2018-11-26', '2018-11-26'),
('64.74', 'KOTA BONTANG', '2018-11-26', '2018-11-26'),
('71.01', 'KABUPATEN BOLAANG MONGONDOW', '2018-11-26', '2018-11-26'),
('71.02', 'KABUPATEN MINAHASA', '2018-11-26', '2018-11-26'),
('71.03', 'KABUPATEN KEPULAUAN SANGIHE', '2018-11-26', '2018-11-26'),
('71.04', 'KABUPATEN KEPULAUAN TALAUD', '2018-11-26', '2018-11-26'),
('71.05', 'KABUPATEN MINAHASA SELATAN', '2018-11-26', '2018-11-26'),
('71.06', 'KABUPATEN MINAHASA UTARA', '2018-11-26', '2018-11-26'),
('71.07', 'KABUPATEN MINAHASA TENGGARA', '2018-11-26', '2018-11-26'),
('71.08', 'KABUPATEN BOLAANG MONDONDOW UTARA', '2018-11-26', '2018-11-26'),
('71.09', 'KABUPATEN KEPULAUAN SIAU TAGULANDANG BIARO', '2018-11-26', '2018-11-26'),
('71.10', 'KABUPATEN BOLAANG MONDONDOW TIMUR', '2018-11-26', '2018-11-26'),
('71.11', 'KABUPATEN BOLAANG MONDONDOW SELATAN', '2018-11-26', '2018-11-26'),
('71.71', 'KOTA MANADO', '2018-11-26', '2018-11-26'),
('71.72', 'KOTA BITUNG', '2018-11-26', '2018-11-26'),
('71.73', 'KOTA TOMOHAN', '2018-11-26', '2018-11-26'),
('71.74', 'KOTA KOTAMOBAGU', '2018-11-26', '2018-11-26'),
('72.01', 'KABUPATEN BANGGAI', '2018-11-26', '2018-11-26'),
('72.02', 'KABUPATEN POSO', '2018-11-26', '2018-11-26'),
('72.03', 'KABUPATEN DONGGALA', '2018-11-26', '2018-11-26'),
('72.04', 'KABUPATEN TOLITOLI', '2018-11-26', '2018-11-26'),
('72.05', 'KABUPATEN BUOL', '2018-11-26', '2018-11-26'),
('72.06', 'KABUPATEN MOROWALI', '2018-11-26', '2018-11-26'),
('72.07', 'KABUPATEN BANGGAI KEPULAUAN', '2018-11-26', '2018-11-26'),
('72.08', 'KABUPATEN PARIGI MOUTONG', '2018-11-26', '2018-11-26'),
('72.09', 'KABUPATEN TOJO UNA-UNA', '2018-11-26', '2018-11-26'),
('72.10', 'KABUPATEN SIGI', '2018-11-26', '2018-11-26'),
('72.11', 'KABUPATEN BANGGAI LAUT', '2018-11-26', '2018-11-26'),
('72.12', 'KABUPATEN MOROWALI UTARA', '2018-11-26', '2018-11-26'),
('72.71', 'KOTA PALU', '2018-11-26', '2018-11-26'),
('73.01', 'KABUPATEN KEPULAUAN SELAYAR', '2018-11-26', '2018-11-26'),
('73.02', 'KABUPATEN BULUKUMBA', '2018-11-26', '2018-11-26'),
('73.03', 'KABUPATEN BANTAENG', '2018-11-26', '2018-11-26'),
('73.04', 'KABUPATEN JENEPONTO', '2018-11-26', '2018-11-26'),
('73.05', 'KABUPATEN TAKALAR', '2018-11-26', '2018-11-26'),
('73.06', 'KABUPATEN GOA', '2018-11-26', '2018-11-26'),
('73.07', 'KABUPATEN SINJAI', '2018-11-26', '2018-11-26'),
('73.08', 'KABUPATEN BONE', '2018-11-26', '2018-11-26'),
('73.09', 'KABUPATEN MAROS', '2018-11-26', '2018-11-26'),
('73.10', 'KABUPATEN PANGKAJENE DAN KEPULAUAN', '2018-11-26', '2018-11-26'),
('73.11', 'KABUPATEN BARRU', '2018-11-26', '2018-11-26'),
('73.12', 'KABUPATEN SOPPENG', '2018-11-26', '2018-11-26'),
('73.13', 'KABUPATEN WAJO', '2018-11-26', '2018-11-26'),
('73.14', 'KABUPATEN SIDDENRENG RAPPANG', '2018-11-26', '2018-11-26'),
('73.15', 'KABUPATEN PINRANG', '2018-11-26', '2018-11-26'),
('73.16', 'KABUPATEN ENREKANG', '2018-11-26', '2018-11-26'),
('73.17', 'KABUPATEN LUWU', '2018-11-26', '2018-11-26'),
('73.18', 'KABUPATEN TANA TORAJA', '2018-11-26', '2018-11-26'),
('73.22', 'KABUPATEN LUWU UTARA', '2018-11-26', '2018-11-26'),
('73.24', 'KABUPATEN LUWU TIMUR', '2018-11-26', '2018-11-26'),
('73.26', 'KABUPATEN TORAJA UTARA', '2018-11-26', '2018-11-26'),
('73.71', 'KOTA MAKASSAR', '2018-11-26', '2018-11-26'),
('73.72', 'KOTA PAREPARE', '2018-11-26', '2018-11-26'),
('73.73', 'KOTA PALOPO', '2018-11-26', '2018-11-26'),
('74.01', 'KABUPATEN KOLAKA', '2018-11-26', '2018-11-26'),
('74.02', 'KABUPATEN KONAWE', '2018-11-26', '2018-11-26'),
('74.03', 'KABUPATEN MUNA', '2018-11-26', '2018-11-26'),
('74.04', 'KABUPATEN BUTON', '2018-11-26', '2018-11-26'),
('74.05', 'KABUPATEN KONAWE SELATAN', '2018-11-26', '2018-11-26'),
('74.06', 'KABUPATEN BOMBANA', '2018-11-26', '2018-11-26'),
('74.07', 'KABUPATEN WAKATOBI', '2018-11-26', '2018-11-26'),
('74.08', 'KABUPATEN KOLAKA UTARA', '2018-11-26', '2018-11-26'),
('74.09', 'KABUPATEN KONAWE UTARA', '2018-11-26', '2018-11-26'),
('74.10', 'KABUPATEN BUTON UTARA', '2018-11-26', '2018-11-26'),
('74.11', 'KABUPATEN KOLAKA TIMUR', '2018-11-26', '2018-11-26'),
('74.12', 'KABUPATEN KONAWE KEPULAUAN', '2018-11-26', '2018-11-26'),
('74.13', 'KABUPATEN MUNA BARAT', '2018-11-26', '2018-11-26'),
('74.14', 'KABUPATEN BUTON TENGAH', '2018-11-26', '2018-11-26'),
('74.15', 'KABUPATEN BUTON SELATAN', '2018-11-26', '2018-11-26'),
('74.71', 'KOTA KENDARI', '2018-11-26', '2018-11-26'),
('74.72', 'KOTA BAU BAU', '2018-11-26', '2018-11-26'),
('75.01', 'KABUPATEN GORONTALO', '2018-11-26', '2018-11-26'),
('75.02', 'KABUPATEN BOALEMO', '2018-11-26', '2018-11-26'),
('75.03', 'KABUPATEN BONE BOLANGO', '2018-11-26', '2018-11-26'),
('75.04', 'KABUPATEN POHUWATO', '2018-11-26', '2018-11-26'),
('75.05', 'KABUPATEN GORONTALO UTARA', '2018-11-26', '2018-11-26'),
('75.71', 'KOTA GORONTALO', '2018-11-26', '2018-11-26'),
('76.01', 'KABUPATEN MAMUJU UTARA', '2018-11-26', '2018-11-26'),
('76.02', 'KABUPATEN MAMUJU', '2018-11-26', '2018-11-26'),
('76.03', 'KABUPATEN MAMASA', '2018-11-26', '2018-11-26'),
('76.04', 'KABUPATEN POLEWALI MANDAR', '2018-11-26', '2018-11-26'),
('76.05', 'KABUPATEN MAJENE', '2018-11-26', '2018-11-26'),
('76.06', 'KABUPATEN MAMUJU TENGAH', '2018-11-26', '2018-11-26'),
('81.01', 'KABUPATEN MALUKU TENGAH', '2018-11-26', '2018-11-26'),
('81.02', 'KABUPATEN MALUKU TENGGARA', '2018-11-26', '2018-11-26'),
('81.03', 'KABUPATEN MALUKU TENGGARA BARAT', '2018-11-26', '2018-11-26'),
('81.04', 'KABUPATEN BURU', '2018-11-26', '2018-11-26'),
('81.05', 'KABUPATEN SERAM BAGIAN TIMUR', '2018-11-26', '2018-11-26'),
('81.06', 'KABUPATEN SERAM BAGIAN BARAT', '2018-11-26', '2018-11-26'),
('81.07', 'KABUPATEN KEPULAUAN ARU', '2018-11-26', '2018-11-26'),
('81.08', 'KABUPATEN MALUKU BARAT DAYA', '2018-11-26', '2018-11-26'),
('81.09', 'KABUPATEN BURU SELATAN', '2018-11-26', '2018-11-26'),
('81.71', 'KOTA AMBON', '2018-11-26', '2018-11-26'),
('81.72', 'KOTA TUAL', '2018-11-26', '2018-11-26'),
('82.01', 'KABUPATEN HALMAHERA BARAT', '2018-11-26', '2018-11-26'),
('82.02', 'KABUPATEN HALMAHERA TENGAH', '2018-11-26', '2018-11-26'),
('82.03', 'KABUPATEN HALMAHERA UTARA', '2018-11-26', '2018-11-26'),
('82.04', 'KABUPATEN HALMAHERA SELATAN', '2018-11-26', '2018-11-26'),
('82.05', 'KABUPATEN KEPULAUAN SULA', '2018-11-26', '2018-11-26'),
('82.06', 'KABUPATEN HALMAHERA TIMUR', '2018-11-26', '2018-11-26'),
('82.07', 'KABUPATEN PULAU MOROTAI', '2018-11-26', '2018-11-26'),
('82.08', 'KABUPATEN PULAU TALIABU', '2018-11-26', '2018-11-26'),
('82.71', 'KOTA TERNATE', '2018-11-26', '2018-11-26'),
('82.72', 'KOTA TIDORE KEPULAUAN', '2018-11-26', '2018-11-26');

-- --------------------------------------------------------

--
-- Table structure for table `mst_kategori`
--

CREATE TABLE `mst_kategori` (
  `kode_kategori` varchar(10) NOT NULL,
  `nama_kategori` varchar(50) NOT NULL,
  `tanggal_entri` date NOT NULL,
  `tanggal_pembaruan` date NOT NULL
) ENGINE=InnoDB DEFAULT CHARSET=latin1;

--
-- Dumping data for table `mst_kategori`
--

INSERT INTO `mst_kategori` (`kode_kategori`, `nama_kategori`, `tanggal_entri`, `tanggal_pembaruan`) VALUES
('KTGR.00001', 'PRINTER', '2018-04-16', '2018-11-21'),
('KTGR.00002', 'PC', '2018-04-16', '2018-12-04'),
('KTGR.00003', 'UPS', '2018-06-04', '2018-11-21'),
('KTGR.00004', 'LAPTOP', '2018-06-04', '2018-11-21'),
('KTGR.00005', 'MONITOR', '2018-06-04', '2018-11-21'),
('KTGR.00006', 'KEYBOARD', '2018-06-04', '2018-11-21'),
('KTGR.00007', 'MOUSE', '2018-06-04', '2018-11-21'),
('KTGR.00008', 'SCANNER', '2018-06-04', '2018-11-21'),
('KTGR.00009', 'PABX', '2018-07-25', '2018-11-21'),
('KTGR.00010', 'HARDDISK', '2018-07-25', '2018-11-21'),
('KTGR.00011', 'FLASH DISK', '2018-07-25', '2018-11-21'),
('KTGR.00012', 'HDD EXTERNAL', '2018-07-25', '2018-11-21'),
('KTGR.00013', 'PROJECTOR', '2018-07-25', '2018-11-21'),
('KTGR.00014', 'CCTV', '2018-08-11', '2018-11-21'),
('KTGR.00015', 'ROUTER', '2018-09-20', '2018-11-21'),
('KTGR.00016', 'SMARTPHONE', '2018-10-17', '2018-11-21'),
('KTGR.00017', 'ACCESS POINT', '2018-10-17', '2018-11-21'),
('KTGR.00018', 'SERVER', '2018-11-08', '2018-11-21'),
('KTGR.00019', 'SWITCH', '2018-11-08', '2018-11-21'),
('KTGR.00020', 'MESIN ABSEN', '2018-11-08', '2018-11-21'),
('KTGR.00021', 'SMART TV', '2018-12-28', '2018-12-28'),
('KTGR.00022', 'TELEPON', '2019-01-11', '2019-01-11'),
('KTGR.00023', 'PC ALL IN ONE', '2019-01-18', '2019-01-18'),
('KTGR.00024', 'TABLET', '2019-03-25', '2019-03-25'),
('KTGR.00025', 'MODEM MIFI', '2019-03-25', '2019-03-25'),
('KTGR.00026', 'NVR', '2019-03-28', '2019-03-28');

-- --------------------------------------------------------

--
-- Table structure for table `mst_merk`
--

CREATE TABLE `mst_merk` (
  `kode_merk` varchar(10) NOT NULL,
  `nama_merk` varchar(50) NOT NULL,
  `tanggal_entri` date NOT NULL,
  `tanggal_pembaruan` date NOT NULL
) ENGINE=InnoDB DEFAULT CHARSET=latin1;

--
-- Dumping data for table `mst_merk`
--

INSERT INTO `mst_merk` (`kode_merk`, `nama_merk`, `tanggal_entri`, `tanggal_pembaruan`) VALUES
('MRK.000001', 'EPSON', '2018-04-17', '2018-11-21'),
('MRK.000002', 'HP', '2018-04-23', '2018-11-21'),
('MRK.000003', 'LENOVO', '2018-06-03', '2018-11-21'),
('MRK.000004', 'DELL', '2018-06-03', '2018-11-21'),
('MRK.000005', 'ACER', '2018-06-03', '2018-11-21'),
('MRK.000006', 'CANON', '2018-06-03', '2018-11-21'),
('MRK.000007', 'PANASONIC', '2018-06-03', '2018-11-21'),
('MRK.000008', 'EATON', '2018-06-03', '2018-11-21'),
('MRK.000009', 'PASCAL', '2018-06-03', '2018-11-21'),
('MRK.000010', 'APC', '2018-06-03', '2018-11-21'),
('MRK.000011', 'INFOCUS', '2018-06-03', '2018-11-21'),
('MRK.000012', 'RAKITAN', '2018-08-07', '2018-11-21'),
('MRK.000013', 'UNIFI UBIQUITY', '2018-08-11', '2019-03-28'),
('MRK.000014', 'MIKROTIK', '2018-09-20', '2018-11-21'),
('MRK.000015', 'LG', '2018-10-15', '2018-11-21'),
('MRK.000016', 'TP-LINK', '2018-11-08', '2018-11-21'),
('MRK.000017', 'D-LINK', '2018-11-08', '2018-11-21'),
('MRK.000018', 'SOLUTION', '2018-11-08', '2018-11-21'),
('MRK.000019', 'SEAGATE', '2018-11-16', '2018-11-21'),
('MRK.000020', 'ASUS', '2018-11-28', '2018-11-28'),
('MRK.000021', 'AOC', '2018-12-05', '2018-12-05'),
('MRK.000022', 'XIAOMI', '2018-12-24', '2018-12-24'),
('MRK.000023', 'SAMSUNG', '2019-01-10', '2019-01-10'),
('MRK.000024', 'ZTE', '2019-03-25', '2019-03-25');

-- --------------------------------------------------------

--
-- Table structure for table `mst_pengepul`
--

CREATE TABLE `mst_pengepul` (
  `kode_pengepul` varchar(10) NOT NULL,
  `nama_pengepul` varchar(30) NOT NULL,
  `alamat` varchar(100) NOT NULL,
  `kode_propinsi` varchar(10) NOT NULL,
  `kode_kabupaten_kota` varchar(10) NOT NULL,
  `no_telepon` varchar(13) NOT NULL,
  `tanggal_entri` date NOT NULL,
  `tanggal_pembaruan` date NOT NULL
) ENGINE=InnoDB DEFAULT CHARSET=latin1;

--
-- Dumping data for table `mst_pengepul`
--

INSERT INTO `mst_pengepul` (`kode_pengepul`, `nama_pengepul`, `alamat`, `kode_propinsi`, `kode_kabupaten_kota`, `no_telepon`, `tanggal_entri`, `tanggal_pembaruan`) VALUES
('KDPN.00001', 'SUKIRNO', 'CILANGKAP', '32', '32.76', '0218765447', '2018-10-24', '2018-11-21'),
('KDPN.00002', 'MUHAMMAD FAJAR HAFIEZ', 'CIBINONG', '32', '32.01', '082312347986', '2018-12-14', '2018-12-14'),
('KDPN.00003', 'AGUS HARI', 'CIBINONG', '32', '32.01', '0218765447', '2019-01-16', '2019-01-16');

-- --------------------------------------------------------

--
-- Table structure for table `mst_pic_it`
--

CREATE TABLE `mst_pic_it` (
  `id` varchar(10) NOT NULL,
  `nama_pic_it` varchar(150) NOT NULL,
  `no_telepon` varchar(13) NOT NULL,
  `alamat_email` varchar(100) NOT NULL,
  `tanggal_entri` date NOT NULL,
  `tanggal_pembaruan` date NOT NULL
) ENGINE=InnoDB DEFAULT CHARSET=latin1;

--
-- Dumping data for table `mst_pic_it`
--

INSERT INTO `mst_pic_it` (`id`, `nama_pic_it`, `no_telepon`, `alamat_email`, `tanggal_entri`, `tanggal_pembaruan`) VALUES
('KDPIC.0001', 'RIYAN HARGIYANTO', '089612345678', 'riyan@bintangmotor.com', '2018-07-28', '2018-11-21'),
('KDPIC.0002', 'DUWI PRASETYO', '089697555869', 'duwi@bintangmotor.com', '2018-07-27', '2018-11-21'),
('KDPIC.0003', 'ASEP TEDI PERMANA', '089697555869', 'asep@bintangmotor.com', '2018-07-01', '2018-11-21'),
('KDPIC.0004', 'MUHAMAD FAJAR HAFIEZ', '089697555869', 'fajar@bintangmotor.com', '2018-07-21', '2018-11-21'),
('KDPIC.0005', 'WIWIT HARYADI', '082318016615', 'wiwit@bintangmotor.com', '2018-09-12', '2018-11-21'),
('KDPIC.0006', 'YUSUF NURJAMAL', '089697555869', 'yusuf@bintangmotor.com', '2018-08-07', '2018-11-21');

-- --------------------------------------------------------

--
-- Table structure for table `mst_posession`
--

CREATE TABLE `mst_posession` (
  `kode_posession` varchar(10) NOT NULL,
  `nama_posession` varchar(20) NOT NULL,
  `tanggal_entri` date NOT NULL,
  `tanggal_pembaruan` date NOT NULL
) ENGINE=InnoDB DEFAULT CHARSET=latin1;

--
-- Dumping data for table `mst_posession`
--

INSERT INTO `mst_posession` (`kode_posession`, `nama_posession`, `tanggal_entri`, `tanggal_pembaruan`) VALUES
('KDPS.00001', 'IT01', '2018-07-25', '2018-11-21'),
('KDPS.00002', 'IT02', '2018-07-25', '2018-11-21'),
('KDPS.00003', 'IT03', '2018-07-25', '2018-11-21'),
('KDPS.00004', 'IT04', '2018-07-25', '2018-11-21'),
('KDPS.00005', 'IT04', '2018-07-25', '2018-11-21'),
('KDPS.00006', 'IT06', '2018-07-25', '2018-11-21'),
('KDPS.00007', 'IT07', '2018-07-25', '2018-11-21'),
('KDPS.00008', 'BD01', '2018-07-25', '2018-11-21'),
('KDPS.00009', 'BD02', '2018-07-25', '2018-11-21'),
('KDPS.00010', 'BD03', '2018-07-25', '2018-11-21'),
('KDPS.00011', 'BD04', '2018-07-25', '2018-11-21'),
('KDPS.00012', 'BD05', '2018-07-25', '2018-11-21'),
('KDPS.00013', 'BD06', '2018-07-25', '2018-11-21'),
('KDPS.00014', 'FINANCE01', '2018-07-25', '2018-11-21'),
('KDPS.00015', 'FINANCE02', '2018-07-25', '2018-11-21'),
('KDPS.00016', 'FINANCE03', '2018-07-25', '2018-11-21'),
('KDPS.00017', 'FINANCE04', '2018-07-25', '2018-11-21'),
('KDPS.00018', 'FINANCE05', '2018-07-25', '2018-11-21'),
('KDPS.00019', 'FINANCE06', '2018-07-25', '2018-11-21'),
('KDPS.00020', 'FINANCE07', '2018-07-25', '2018-11-21'),
('KDPS.00021', 'STNK HO', '2018-07-25', '2018-11-21'),
('KDPS.00022', 'ACCOUNTING01', '2018-07-28', '2018-11-21'),
('KDPS.00023', 'ACCOUNTING02', '2018-07-28', '2018-11-21'),
('KDPS.00024', 'ACCOUNTING03', '2018-07-28', '2018-11-21'),
('KDPS.00025', 'ACCOUNTING04', '2018-07-28', '2018-11-21'),
('KDPS.00026', 'ACCOUNTING05', '2018-07-28', '2018-11-21'),
('KDPS.00027', 'ACCOUNTING06', '2018-07-28', '2018-11-21'),
('KDPS.00028', 'ACCOUNTING07', '2018-07-28', '2018-11-21'),
('KDPS.00029', 'ACCOUNTING08', '2018-07-28', '2018-11-21'),
('KDPS.00030', 'ACCOUNTING09', '2018-07-28', '2018-11-21'),
('KDPS.00031', 'ACCOUNTING10', '2018-07-28', '2018-11-21'),
('KDPS.00032', 'HRD01', '2018-08-07', '2018-11-21'),
('KDPS.00033', 'HRD02', '2018-08-07', '2018-11-21'),
('KDPS.00034', 'HRD03', '2018-08-07', '2018-11-21'),
('KDPS.00035', 'HRD04', '2018-08-07', '2018-11-21'),
('KDPS.00036', 'H2 HO01', '2018-08-07', '2018-11-21'),
('KDPS.00037', 'H2 HO02', '2018-08-07', '2018-11-21'),
('KDPS.00038', 'H2 HO03', '2018-08-07', '2018-11-21'),
('KDPS.00039', 'H3 HO01', '2018-08-07', '2018-11-21'),
('KDPS.00040', 'H3 HO02', '2018-08-07', '2018-11-21'),
('KDPS.00041', 'ADMINISTRATION HEAD', '2018-08-07', '2018-11-21'),
('KDPS.00042', 'ACCOUNT RECEIVABLE', '2018-08-07', '2018-11-21'),
('KDPS.00043', 'SALES ADMIN', '2018-08-07', '2018-11-21'),
('KDPS.00044', 'SURAT JALAN', '2018-08-07', '2018-11-21'),
('KDPS.00045', 'KASIR', '2018-08-07', '2018-11-21'),
('KDPS.00046', 'STNK01', '2018-10-17', '2018-11-21'),
('KDPS.00047', 'MARKETING01', '2018-08-07', '2019-03-28'),
('KDPS.00048', 'KEPALA BENGKEL', '2018-08-11', '2018-11-21'),
('KDPS.00049', 'CRM', '2018-09-18', '2018-11-21'),
('KDPS.00050', 'FRONTDESK01', '2018-09-18', '2018-11-21'),
('KDPS.00051', 'FRONTDESK02', '2018-09-18', '2018-11-21'),
('KDPS.00052', 'FRONTDESK03', '2018-09-18', '2018-11-21'),
('KDPS.00053', 'FRONTDESK04', '2018-09-18', '2018-11-21'),
('KDPS.00054', 'SERVER', '2018-09-20', '2018-11-21'),
('KDPS.00055', 'STNK02', '2018-10-17', '2018-11-21'),
('KDPS.00056', 'STNK03', '2018-10-17', '2018-11-21'),
('KDPS.00057', 'STNK04', '2018-10-17', '2018-11-21'),
('KDPS.00058', 'PDI', '2018-10-17', '2018-11-21'),
('KDPS.00059', 'OVP', '2018-10-17', '2018-11-21'),
('KDPS.00060', 'LKH', '2018-10-17', '2018-11-21'),
('KDPS.00061', 'KEPALA POS', '2018-10-23', '2018-11-21'),
('KDPS.00062', 'KEPALA CABANG', '2018-10-23', '2018-11-21'),
('KDPS.00063', 'WEB SALES', '2018-11-28', '2018-11-28'),
('KDPS.00064', 'SPARE PART 01', '2018-12-03', '2018-12-03'),
('KDPS.00065', 'SPARE PART 02', '2018-12-03', '2018-12-03'),
('KDPS.00066', 'SPARE PART 03', '2018-12-03', '2018-12-03'),
('KDPS.00067', 'SPARE PART 04', '2018-12-03', '2018-12-03'),
('KDPS.00068', 'A. LUNARDI', '2018-12-03', '2018-12-03'),
('KDPS.00069', 'IDA LUNARDI', '2018-12-03', '2018-12-03'),
('KDPS.00070', 'BURSTONO LUNARDI', '2018-12-03', '2018-12-03'),
('KDPS.00071', 'BRAMONO LUNARDI', '2018-12-03', '2018-12-03'),
('KDPS.00072', 'AMIN SUPARMAN', '2018-12-03', '2018-12-03'),
('KDPS.00073', 'MANAGER FINANCE', '2018-12-03', '2018-12-03'),
('KDPS.00074', 'MANAGER ACCOUNTING', '2018-12-03', '2018-12-03'),
('KDPS.00075', 'MANAGER HRD', '2018-12-03', '2018-12-03'),
('KDPS.00076', 'MANAGER H2', '2018-12-03', '2018-12-03'),
('KDPS.00077', 'MANAGER H3', '2018-12-03', '2018-12-03'),
('KDPS.00078', 'MANAGER IT', '2018-12-03', '2018-12-03'),
('KDPS.00079', 'PIC IT', '2018-12-03', '2018-12-03'),
('KDPS.00080', 'PIC BUSINESS DEV.', '2018-12-03', '2018-12-03'),
('KDPS.00081', 'PIC POS H2', '2018-12-03', '2018-12-03'),
('KDPS.00082', 'WEB ADMIN', '2018-12-03', '2018-12-03'),
('KDPS.00083', 'JR. MANAGER FINANCE', '2018-12-03', '2018-12-03'),
('KDPS.00084', 'JR. MANAGER ACC', '2018-12-03', '2018-12-03'),
('KDPS.00085', 'JR. MANAGER HRD', '2018-12-03', '2018-12-03'),
('KDPS.00086', 'HRD RECRUITMENT', '2018-12-05', '2018-12-05'),
('KDPS.00087', 'R. MEETING', '2018-12-28', '2018-12-28'),
('KDPS.00088', 'CCO01', '2018-12-28', '2018-12-28'),
('KDPS.00089', 'CCO02', '2018-12-28', '2018-12-28'),
('KDPS.00090', 'IDT01', '2018-12-28', '2018-12-28'),
('KDPS.00091', 'IDT02', '2018-12-28', '2018-12-28'),
('KDPS.00092', 'STALL', '2018-12-28', '2018-12-28'),
('KDPS.00093', 'INTERNET CORNER', '2018-12-28', '2018-12-28'),
('KDPS.00094', 'SERVICE ADVISOR 01', '2019-01-10', '2019-01-18'),
('KDPS.00095', 'DESIGN 01', '2019-01-11', '2019-03-28'),
('KDPS.00096', 'BD WEB SEO', '2019-01-11', '2019-01-11'),
('KDPS.00097', 'MESIN ANTRIAN', '2019-01-18', '2019-01-18'),
('KDPS.00098', 'SERVICE ADVISOR 02', '2019-01-18', '2019-01-18'),
('KDPS.00099', 'SERVICE ADVISOR 03', '2019-01-18', '2019-01-18'),
('KDPS.00100', 'SERVICE ADVISOR 04', '2019-01-18', '2019-01-18'),
('KDPS.00101', 'SERVICE ADVISOR 05', '2019-01-18', '2019-01-18'),
('KDPS.00102', 'INTERNET CORNER 01', '2019-01-18', '2019-01-18'),
('KDPS.00103', 'INTERNET CORNER 02', '2019-01-18', '2019-01-18'),
('KDPS.00104', 'INTERNET CORNER 03', '2019-01-18', '2019-01-18'),
('KDPS.00105', 'MANAGER OPERASIONAL', '2019-03-23', '2019-03-23'),
('KDPS.00106', 'OPERASIONAL 01', '2019-03-25', '2019-03-25'),
('KDPS.00107', 'OPERASIONAL 02', '2019-03-25', '2019-03-25'),
('KDPS.00108', 'OPERASIONAL 03', '2019-03-25', '2019-03-25'),
('KDPS.00109', 'SERVICE KELILING', '2019-03-25', '2019-03-25'),
('KDPS.00110', 'DYNOJET 01', '2019-03-27', '2019-03-27'),
('KDPS.00111', 'DYNOJET 02', '2019-03-27', '2019-03-27'),
('KDPS.00112', 'DYNOJET 03', '2019-03-27', '2019-03-27'),
('KDPS.00113', 'DYNOJET 04', '2019-03-27', '2019-03-27'),
('KDPS.00114', 'DYNOJET 05', '2019-03-27', '2019-03-27'),
('KDPS.00115', 'RAWMATERIAL 01', '2019-03-27', '2019-03-27'),
('KDPS.00116', 'RAWMATERIAL 02', '2019-03-27', '2019-03-27'),
('KDPS.00117', 'RAWMATERIAL 03', '2019-03-27', '2019-03-27'),
('KDPS.00118', 'RAWMATERIAL 04', '2019-03-27', '2019-03-27'),
('KDPS.00119', 'RAWMATERIAL 05', '2019-03-27', '2019-03-27'),
('KDPS.00120', 'MARKETING02', '2019-03-28', '2019-03-28'),
('KDPS.00121', 'MARKETING03', '2019-03-28', '2019-03-28'),
('KDPS.00122', 'MARKETING04', '2019-03-28', '2019-03-28'),
('KDPS.00123', 'MARKETING05', '2019-03-28', '2019-03-28'),
('KDPS.00124', 'MARKETING06', '2019-03-28', '2019-03-28'),
('KDPS.00125', 'DESIGN 02', '2019-03-28', '2019-03-28'),
('KDPS.00126', 'DESIGN 03', '2019-03-28', '2019-03-28'),
('KDPS.00127', 'DESIGN 04', '2019-03-28', '2019-03-28'),
('KDPS.00128', 'DESIGN 05', '2019-03-28', '2019-03-28');

-- --------------------------------------------------------

--
-- Table structure for table `mst_propinsi`
--

CREATE TABLE `mst_propinsi` (
  `kode_propinsi` varchar(10) NOT NULL,
  `nama_propinsi` varchar(30) NOT NULL,
  `tanggal_entri` date NOT NULL,
  `tanggal_pembaruan` date NOT NULL
) ENGINE=InnoDB DEFAULT CHARSET=latin1;

--
-- Dumping data for table `mst_propinsi`
--

INSERT INTO `mst_propinsi` (`kode_propinsi`, `nama_propinsi`, `tanggal_entri`, `tanggal_pembaruan`) VALUES
('11', 'ACEH', '2018-04-23', '2018-11-21'),
('12', 'SUMATERA UTARA', '2018-03-19', '2018-11-21'),
('13', 'SUMATERA BARAT', '2018-04-17', '2018-11-21'),
('14', 'RIAU', '2018-03-09', '2018-11-21'),
('15', 'JAMBI', '2018-03-09', '2018-11-21'),
('16', 'SUMATERA SELATAN', '2018-03-09', '2018-11-21'),
('17', 'BENGKULU', '2018-03-09', '2018-11-21'),
('18', 'LAMPUNG', '2018-03-09', '2018-11-21'),
('19', 'KEPUALAUAN BANGKA BELITUNG', '2018-03-09', '2018-11-21'),
('21', 'KEPULAUAN RIAU', '2018-03-09', '2018-11-21'),
('31', 'DKI JAKARTA', '2018-03-09', '2018-11-21'),
('32', 'JAWA BARAT', '2018-03-09', '2018-11-21'),
('33', 'JAWA TENGAH', '2018-03-09', '2018-11-21'),
('34', 'DI YOGYAKARTA', '2018-03-09', '2018-11-21'),
('35', 'JAWA TIMUR', '2018-03-09', '2018-11-21'),
('36', 'BANTEN', '2018-03-09', '2018-11-21'),
('51', 'BALI', '2018-03-09', '2018-11-21'),
('52', 'NUSA TENGGARA BARAT', '2018-03-09', '2018-11-21'),
('53', 'NUSA TENGGARA TIMUR', '2018-03-09', '2018-11-21'),
('61', 'KALIMANTAN BARAT', '2018-03-09', '2018-11-21'),
('62', 'KALIMANTAN TENGAH', '2018-03-09', '2018-11-21'),
('63', 'KALIMANTAN SELATAN', '2018-03-09', '2018-11-21'),
('64', 'KALIMANTAN TIMUR', '2018-03-09', '2018-11-21'),
('71', 'SULAWESI UTARA', '2018-03-09', '2018-11-21'),
('72', 'SULAWESI TENGAH', '2018-03-09', '2018-11-21'),
('73', 'SULAWESI SELATAN', '2018-03-09', '2018-11-21'),
('74', 'SULAWESI TENGGARA', '2018-03-09', '2018-11-21'),
('75', 'GORONTALO', '2018-03-09', '2018-11-21'),
('76', 'SULAWESI BARAT', '2018-03-09', '2018-11-21'),
('81', 'MALUKU', '2018-03-09', '2018-11-21'),
('82', 'MALUKU UTARA', '2018-03-09', '2018-11-21'),
('91', 'PAPUA', '2018-03-09', '2018-11-21'),
('92', 'PAPUA BARAT', '2018-03-09', '2018-11-21');

-- --------------------------------------------------------

--
-- Table structure for table `mst_tipe`
--

CREATE TABLE `mst_tipe` (
  `kode_tipe` varchar(10) NOT NULL,
  `nama_tipe` varchar(50) NOT NULL,
  `tanggal_entri` date NOT NULL,
  `tanggal_pembaruan` date NOT NULL
) ENGINE=InnoDB DEFAULT CHARSET=latin1;

--
-- Dumping data for table `mst_tipe`
--

INSERT INTO `mst_tipe` (`kode_tipe`, `nama_tipe`, `tanggal_entri`, `tanggal_pembaruan`) VALUES
('KDTP.00001', 'L120', '2018-11-21', '2018-11-21'),
('KDTP.00002', 'L200', '2018-11-21', '2018-11-21'),
('KDTP.00003', 'L230', '2018-11-21', '2018-11-21'),
('KDTP.00004', 'LASERJET PRO M102W', '2018-11-21', '0000-00-00'),
('KDTP.00005', 'LX-310', '2018-11-21', '2018-11-21'),
('KDTP.00006', 'MP287', '2018-11-21', '2018-11-21'),
('KDTP.00007', 'RAKITAN', '2018-11-21', '2018-11-21'),
('KDTP.00008', 'UVC G3 DOME', '2018-11-21', '2018-11-21'),
('KDTP.00009', 'RB 1100', '2018-11-21', '2018-11-21'),
('KDTP.00010', 'RB 450 G', '2018-11-21', '2018-11-21'),
('KDTP.00011', 'AMD A9-9420', '2018-11-21', '2018-11-21'),
('KDTP.00012', 'POWEREDGE R330', '2018-11-21', '2018-11-21'),
('KDTP.00013', 'KX-NS300', '2018-11-21', '2018-12-28'),
('KDTP.00014', 'TL-SG1024D', '2018-11-21', '2018-11-21'),
('KDTP.00015', 'TL-SG3424', '2018-11-21', '2018-11-21'),
('KDTP.00016', 'DGS-1024C', '2018-11-21', '2018-11-21'),
('KDTP.00017', 'X100-C', '2018-11-21', '2018-11-21'),
('KDTP.00018', 'T110', '2018-11-21', '2018-11-21'),
('KDTP.00019', 'POWERWARE 9120 6000', '2018-11-21', '2018-11-21'),
('KDTP.00020', 'THINKCENTRE A70', '2018-11-21', '2018-11-21'),
('KDTP.00021', 'BARACUDA 1 TB', '2018-11-21', '2018-11-21'),
('KDTP.00022', 'FIRECUDA 1 TB', '2018-11-21', '2018-11-21'),
('KDTP.00023', 'ZENFONE 5Z ZS620KL', '2018-11-28', '2018-11-28'),
('KDTP.00024', '20M39H-B', '2018-11-30', '2018-11-30'),
('KDTP.00025', 'ZENBOOK UX430UN', '2018-12-03', '2018-12-03'),
('KDTP.00026', 'VIVOBOOK S410UN', '2018-12-03', '2018-12-03'),
('KDTP.00027', 'A442UF', '2018-12-03', '2018-12-03'),
('KDTP.00028', 'A442UR', '2018-12-03', '2018-12-03'),
('KDTP.00029', 'VOSTRO 14 5459', '2018-12-03', '2018-12-03'),
('KDTP.00030', 'THINKPAD EDGE E431', '2018-12-03', '2018-12-03'),
('KDTP.00031', 'D186WA', '2018-12-04', '2018-12-04'),
('KDTP.00032', 'ROG', '2018-12-04', '2018-12-04'),
('KDTP.00033', 'H163HQ', '2018-12-04', '2018-12-04'),
('KDTP.00034', 'IDEAPAD G480', '2018-12-04', '2018-12-04'),
('KDTP.00035', 'IDEAPAD B480', '2018-12-04', '2018-12-04'),
('KDTP.00036', 'INSPIRON 14-3458', '2018-12-05', '2018-12-05'),
('KDTP.00037', 'ASPIRE M1930', '2018-12-05', '2018-12-05'),
('KDTP.00038', 'P166HQL', '2018-12-05', '2018-12-05'),
('KDTP.00039', 'E1660SW', '2018-12-05', '2018-12-05'),
('KDTP.00040', '20MP48A', '2018-12-05', '2018-12-05'),
('KDTP.00041', 'IDEAPAD 300-14ISK', '2018-12-20', '2018-12-20'),
('KDTP.00042', 'VIVOBOOK X441B', '2018-12-21', '2018-12-21'),
('KDTP.00043', 'SEAGATE BACKUP PLUS HUB 4 TB', '2018-12-21', '2018-12-21'),
('KDTP.00044', 'REDMI S2', '2018-12-24', '2018-12-24'),
('KDTP.00045', 'FLATRON W1642S', '2018-12-27', '2018-12-27'),
('KDTP.00046', '43UK6300PTE', '2018-12-28', '2018-12-28'),
('KDTP.00047', 'POWEREDGE T30', '2018-12-28', '2018-12-28'),
('KDTP.00048', 'IN114XA', '2018-12-28', '2018-12-28'),
('KDTP.00049', '24MP59G', '2018-12-29', '2018-12-29'),
('KDTP.00050', '20MP38HQ', '2019-01-10', '2019-01-10'),
('KDTP.00051', 'FLATRON E1641', '2019-01-10', '2019-01-10'),
('KDTP.00052', 'S19F350HNE', '2019-01-10', '2019-01-10'),
('KDTP.00053', 'L3110', '2019-01-10', '2019-01-10'),
('KDTP.00054', 'KX-TS505MX', '2019-01-11', '2019-01-11'),
('KDTP.00055', '24MK430H', '2019-01-11', '2019-01-11'),
('KDTP.00056', 'P-850CLU', '2019-01-16', '2019-01-16'),
('KDTP.00057', 'AIO 20-C006L', '2019-01-18', '2019-01-18'),
('KDTP.00058', 'E2016HV', '2019-01-30', '2019-01-30'),
('KDTP.00059', 'SEAGATE BACKUP PLUS HUB 6 TB', '2019-02-06', '2019-02-06'),
('KDTP.00060', 'REDMI 6 4GB/64GB', '2019-02-08', '2019-02-08'),
('KDTP.00061', 'VIVOBOOK S14', '2019-03-23', '2019-03-25'),
('KDTP.00062', 'TAB 7 ESSENTIAL', '2019-03-25', '2019-03-25'),
('KDTP.00063', 'VIVOBOOK S430U', '2019-03-25', '2019-03-25'),
('KDTP.00064', '32LJ500D', '2019-03-25', '2019-03-25'),
('KDTP.00065', 'A407UA-BV390T', '2019-03-25', '2019-03-25'),
('KDTP.00066', 'WD670', '2019-03-25', '2019-03-25'),
('KDTP.00067', 'A407UF-BV061T', '2019-03-25', '2019-03-25'),
('KDTP.00068', 'COMPAQ 8100 ELITE', '2019-03-25', '2019-03-25'),
('KDTP.00069', 'COMPAQ 6200 PRO', '2019-03-27', '2019-03-27'),
('KDTP.00070', 'OPTIPLEX 390', '2019-03-28', '2019-03-28'),
('KDTP.00071', 'UVC NVR 2 TB', '2019-03-28', '2019-03-28'),
('KDTP.00072', 'XPS 8930', '2019-03-28', '2019-03-28'),
('KDTP.00073', '20MK400H-B', '2019-03-28', '2019-03-28'),
('KDTP.00074', 'BX1400U-MS', '2019-04-01', '2019-04-01'),
('KDTP.00075', 'SMT3000I', '2019-04-01', '2019-04-01'),
('KDTP.00076', 'KX-TDA100', '2019-04-05', '2019-04-05'),
('KDTP.00077', 'VIVOBOOK X441UA', '2019-04-05', '2019-04-05'),
('KDTP.00078', 'MI A2', '2019-04-09', '2019-04-09'),
('KDTP.00079', 'VIVOBOOK S330FA', '2019-04-18', '2019-04-18');

-- --------------------------------------------------------

--
-- Table structure for table `mst_user`
--

CREATE TABLE `mst_user` (
  `id` int(11) NOT NULL,
  `username` varchar(50) NOT NULL,
  `password` varchar(255) NOT NULL,
  `nama_lengkap` varchar(150) NOT NULL,
  `alamat_email` varchar(100) NOT NULL,
  `no_telepon` varchar(13) NOT NULL,
  `tanggal_entri` date NOT NULL,
  `tanggal_pembaruan` date NOT NULL
) ENGINE=InnoDB DEFAULT CHARSET=latin1;

--
-- Dumping data for table `mst_user`
--

INSERT INTO `mst_user` (`id`, `username`, `password`, `nama_lengkap`, `alamat_email`, `no_telepon`, `tanggal_entri`, `tanggal_pembaruan`) VALUES
(3, 'kama', '$2y$10$95/th91zTAnU7lg/b3iTVunId6hnfMQ4LWw4Vuq4DziW7AWLUpmoW', 'Kama Satya Nugraha', 'kama@gmail.com', 'NomorTelepon', '2018-07-23', '2018-11-21'),
(4, 'administrator', '$2y$10$mIwGHMLJX3eC3IJTrGmWV.bx8MgZe9B3CWT.po/Iny2mo0v5zw6Ai', 'Administrator', 'it@bintangmotor.com', 'NomorTelepon', '2018-07-29', '2018-11-21');

-- --------------------------------------------------------

--
-- Table structure for table `mst_vendor`
--

CREATE TABLE `mst_vendor` (
  `kode_vendor` varchar(10) NOT NULL,
  `nama_vendor` varchar(100) NOT NULL,
  `alamat` varchar(150) NOT NULL,
  `kode_propinsi` varchar(10) NOT NULL,
  `kode_kabupaten_kota` varchar(10) NOT NULL,
  `website` varchar(100) NOT NULL,
  `no_telepon` varchar(13) NOT NULL,
  `alamat_email` varchar(50) NOT NULL,
  `tanggal_entri` date NOT NULL,
  `tanggal_pembaruan` date NOT NULL
) ENGINE=InnoDB DEFAULT CHARSET=latin1;

--
-- Dumping data for table `mst_vendor`
--

INSERT INTO `mst_vendor` (`kode_vendor`, `nama_vendor`, `alamat`, `kode_propinsi`, `kode_kabupaten_kota`, `website`, `no_telepon`, `alamat_email`, `tanggal_entri`, `tanggal_pembaruan`) VALUES
('KDVN.00001', 'MEGA PERKASA COMPUTER', 'KELAPA DUA', '32', '32.76', 'www.mpc.co.id', '0218765448', 'mpc@gmail.com', '2018-11-21', '2018-11-21'),
('KDVN.00002', 'JIIFO KOMPUTER', 'HARCO MANGGA DUA', '31', '31.71', 'www.jiifokomputer.co.id', '0218765446', 'jiifo@gmail.com', '2018-11-21', '2018-11-21'),
('KDVN.00003', 'CIRCLE COMPUTER', 'MANGGA DUA', '31', '31.72', 'www.circlecomputer.com', '0218765447', 'circlecomputer@gmail.com', '2018-11-21', '2018-11-21'),
('KDVN.00004', 'GIANT KOMPUTER', 'DEPOK', '32', '32.76', 'www.giantkomputer.com', '0218765447', 'giantkomputer@gmail.com', '2018-11-21', '2018-11-21'),
('KDVN.00005', 'ANUGERAH JAYA COMPUTER', 'CIBINONG', '32', '32.01', 'www.ajc.com', '0218765447', 'ajc@gmail.com', '2018-11-21', '2018-11-21'),
('KDVN.00006', 'PT. CITRAWEB SOLUSI TEKNOLOGI', 'JL. PETUNG 31 PAPRINGAN', '34', '16.04', 'www.mikrotik.co.id', '0218765447', 'sales@citraweb.com', '2018-11-21', '2018-11-21'),
('KDVN.00007', 'PT. SOLUSI CORPORINDO TEKNOLOGI', 'JL. KAPUK KAMAL RAYA NO. 62E', '31', '31.72', 'www.solution.co.id', '0215562135', 'info@solution.co.id', '2018-11-21', '2018-11-21'),
('KDVN.00008', 'PT. BHINNEKA MENTARI DIMENSI', 'JAKARTA', '31', '31.71', 'www.bhinneka.com', '02129292828', 'sales@bhinneka.com', '2018-11-21', '2018-11-21'),
('KDVN.00009', 'PT. DELTASINDO RAYA SEJAHTERA', 'JL. LETJEN S. PARMAN KAV. 28', '31', '31.74', 'www.deltasindo.com', '02129226688', 'sales@deltasindo.com', '2018-11-21', '2018-11-21'),
('KDVN.00010', 'LAKU8PEDIA (TOKOPEDIA)', 'ITC ROXY MAS, K.H. ASHARI 125', '31', '31.71', 'www.tokopedia.com/laku8pedia', '081212344321', 'laku8pedia@gmail.com', '2018-11-28', '2018-11-28'),
('KDVN.00011', 'SINAR 21 KOMPUTER', 'HARCO MANGGA DUA', '31', '31.71', '', '0218765447', 'sinar21@gmail.com', '2018-12-03', '2018-12-03'),
('KDVN.00012', 'ASTRO COMPUTER', 'DEPOK', '32', '32.76', 'www.astro.com', '0218765447', 'astrocom@gmail.com', '2018-12-17', '2018-12-17'),
('KDVN.00013', 'SEAGATE OFFICIAL STORE', 'JAKARTA', '31', '31.71', '', '0218765447', 'official@seagate.com', '2018-12-21', '2018-12-21'),
('KDVN.00014', 'PABX PANASONIC', 'JAKARTA', '31', '31.75', 'www.pabxpanasonic.com', '0218795447', 'sales@pabxpanasonic.com', '2018-12-28', '2018-12-28'),
('KDVN.00015', 'PT. ADHI GUNA INTEGRASI', 'JAKARTA', '31', '31.71', '', '0218765447', 'sales@adhiguna.com', '2018-12-28', '2018-12-28'),
('KDVN.00016', 'KEDAI HP (TOKOPEDIA)', 'JAKARTA', '31', '31.71', '', '0218765447', 'sales@kedaihp.com', '2018-12-28', '2018-12-28'),
('KDVN.00017', 'PT. PRIMA CITRA LAZUWARDI', 'JL. PETERNAKAN II NO. 38A RT. 03 / 07, CENGKARENG', '31', '31.73', 'www.pascalpower.com', '081314032841', 'sales@pascalpower.com', '2019-01-16', '2019-01-16'),
('KDVN.00018', 'SENJAYA SELINDO', 'JAKARTA', '31', '31.71', 'https://www.tokopedia.com/senz88', '80647333', 'cs@tokopedia.com', '2019-01-29', '2019-01-29'),
('KDVN.00019', 'TOKO ELEKTRONIK BINTANG', 'JL. RAYA BOGOR KM. 29 NO. 42', '32', '32.76', 'www.tokopedia.com/cimanggisjaya', '0218765447', 'cimanggisjaya@gmail.com', '2019-03-25', '2019-03-25'),
('KDVN.00020', 'SPEED ISTORE', 'MANGGA DUA, SAWAH BESAR', '31', '31.71', 'www.tokopedia.com/speed-istore', '0218765447', 'speedstore@gmail.com', '2019-03-25', '2019-03-25'),
('KDVN.00021', 'VICTORIA SERVICE (TIARMON)', 'JAKARTA', '31', '31.71', 'www.victoria-service.com', '08161155142', 'tiarmon@gmail.com', '2019-03-25', '2019-03-25'),
('KDVN.00022', 'DELL JAKARTA', 'MANGGA DUA SQUARE LANTAI 2 BLOK A BO. 137-138', '31', '31.71', 'www.delljakarta.com', '02162303609', 'sales1@fessadistribution.com', '2019-03-28', '2019-03-28'),
('KDVN.00023', 'SUN JAYA MANDIRI', 'HARCO ELEKTRONIK MANGGA DUA LT. II BLOK B.2 / 07', '31', '31.71', '', '08118822117', 'sunjaya_mandiri@yahoo.com', '2019-04-01', '2019-04-01'),
('KDVN.00024', 'MAXI', 'ITC CEMPAKA MAS LT. 4 BLOK H NO. 541', '31', '31.75', 'www.tokopedia.com', '02142903538', 'maxi@gmail.com', '2019-04-09', '2019-04-09'),
('KDVN.00025', 'SCI STORE', 'MANGGA DUA MALL', '31', '31.73', 'www.tokopedia.com/scistore', '081212345678', 'scistore@gmail.com', '2019-04-18', '2019-04-18');

-- --------------------------------------------------------

--
-- Table structure for table `trx_pengadaan_hardware`
--

CREATE TABLE `trx_pengadaan_hardware` (
  `kode_pengadaan_hardware` varchar(15) NOT NULL,
  `tanggal_pengadaan_hardware` date NOT NULL,
  `tanggal_kadaluwarsa_hardware` date NOT NULL,
  `kode_cabang` varchar(10) NOT NULL,
  `kode_divisi` varchar(10) NOT NULL,
  `kode_posession` varchar(10) NOT NULL,
  `kode_hardware` varchar(10) NOT NULL,
  `serial_number` varchar(30) NOT NULL,
  `keterangan` varchar(200) NOT NULL,
  `kode_vendor` varchar(10) NOT NULL,
  `harga_hardware` varchar(13) NOT NULL,
  `status` varchar(1) NOT NULL,
  `tanggal_entri` date NOT NULL,
  `tanggal_pembaruan` date NOT NULL
) ENGINE=InnoDB DEFAULT CHARSET=latin1;

--
-- Dumping data for table `trx_pengadaan_hardware`
--

INSERT INTO `trx_pengadaan_hardware` (`kode_pengadaan_hardware`, `tanggal_pengadaan_hardware`, `tanggal_kadaluwarsa_hardware`, `kode_cabang`, `kode_divisi`, `kode_posession`, `kode_hardware`, `serial_number`, `keterangan`, `kode_vendor`, `harga_hardware`, `status`, `tanggal_entri`, `tanggal_pembaruan`) VALUES
('PNG.HW.0000001', '2010-06-04', '2015-06-03', 'KDCB.00001', 'KDVS.00001', 'KDPS.00054', 'KDHW.00012', 'FK8L42S', 'SERVER DOMAIN, WIN SERVER 2003 R2 STD, RAM 2 GB, HDD 1TB NON-RAID, IP ADDRESS 192.168.100.1', 'KDVN.00008', '12064000', 'O', '2018-11-10', '2018-11-21'),
('PNG.HW.0000002', '2012-05-30', '2017-05-29', 'KDCB.00001', 'KDVS.00001', 'KDPS.00054', 'KDHW.00012', '915D82S', 'SERVER DEVELOPMENT, WIN SERVER 2008 STD, RAM 4GB, HDD 2 TB NON-RAID, IP ADDRESS 192.168.100.2', 'KDVN.00008', '12064000', 'O', '2018-11-16', '2018-11-21'),
('PNG.HW.0000003', '2016-05-10', '2021-05-09', 'KDCB.00001', 'KDVS.00001', 'KDPS.00054', 'KDHW.00007', 'CTGJ7C2', 'APP SERVER, WIN SERVER 2012 R2 STD, RAM 16 GB, HDD 2 TB RAID, IP ADDRESS 192.168.100.16', 'KDVN.00001', '31500000', 'O', '2018-11-16', '2018-11-29'),
('PNG.HW.0000004', '2016-05-10', '2021-05-09', 'KDCB.00001', 'KDVS.00001', 'KDPS.00054', 'KDHW.00007', 'CTHR7C2', 'FILE SERVER, WIN SERVER 2012 R2 STD, RAM 16 GB, HDD 2 TB RAID, IP ADDRESS 192.168.100.15', 'KDVN.00001', '31500000', 'O', '2018-11-16', '2018-11-29'),
('PNG.HW.0000006', '2018-11-28', '2023-11-27', 'KDCB.00001', 'KDVS.00007', 'KDPS.00063', 'KDHW.00015', 'J9AZGF002584LTF', 'RAM 8 GB, INTERNAL 256 GB, SNAPDRAGON 845 PROCESSOR', 'KDVN.00010', '7750000', 'O', '2018-11-28', '2018-11-29'),
('PNG.HW.0000007', '2018-11-29', '2023-11-28', 'KDCB.00001', 'KDVS.00003', 'KDPS.00026', 'KDHW.00005', 'S2680SB380180300384', 'CORE I3, SSD 120 GB, 4 GB RAM', 'KDVN.00001', '7778000', 'O', '2018-11-29', '2018-11-30'),
('PNG.HW.0000008', '2018-11-09', '2023-11-08', 'KDCB.00022', 'KDVS.00009', 'KDPS.00064', 'KDHW.00005', 'S2680SB380180300627', 'CORE I3, SSD 120 GB, RAM 4GB', 'KDVN.00001', '7778000', 'O', '2018-11-30', '2018-12-28'),
('PNG.HW.0000009', '2018-11-29', '2023-11-28', 'KDCB.00001', 'KDVS.00003', 'KDPS.00026', 'KDHW.00016', '806INZY1E61', '20 IN', 'KDVN.00001', '995000', 'O', '2018-11-30', '2018-12-03'),
('PNG.HW.0000011', '2018-11-30', '2023-11-29', 'KDCB.00001', 'KDVS.00002', 'KDPS.00019', 'KDHW.00005', 'S2636SB3801808X00342', 'MAINBOARD ASUS H110M-D SC1151, PROCESSOR CORE I3 7100 3,9Ghz, SSD 128GB', 'KDVN.00001', '7778000', 'O', '2018-11-30', '2018-11-30'),
('PNG.HW.0000012', '2018-11-30', '2023-11-29', 'KDCB.00001', 'KDVS.00002', 'KDPS.00019', 'KDHW.00016', '806INUB0E606', 'MONITOR LED LG 20&quot;INCH', 'KDVN.00001', '995000', 'O', '2018-11-30', '2018-11-30'),
('PNG.HW.0000013', '2018-11-30', '2023-11-29', 'KDCB.00001', 'KDVS.00002', 'KDPS.00016', 'KDHW.00005', 'S2636SB3801808X003342', 'MAINBOARD ASUS H110M-D SC1151, PROCESSOR CORE I3 7100 3,9Ghz, SSD 128GB', 'KDVN.00001', '7778000', 'O', '2018-11-30', '2018-11-30'),
('PNG.HW.0000014', '2018-11-30', '2023-11-29', 'KDCB.00001', 'KDVS.00002', 'KDPS.00016', 'KDHW.00016', '806INUB0E606', 'MONITOR LED LG 20&quot;INCH', 'KDVN.00001', '995000', 'O', '2018-11-30', '2018-11-30'),
('PNG.HW.0000015', '2018-11-09', '2023-11-08', 'KDCB.00022', 'KDVS.00009', 'KDPS.00064', 'KDHW.00016', 'CISEENG20M39H-B', 'MONITOR LG 21 INCH', 'KDVN.00001', '995000', 'O', '2018-12-03', '2018-12-28'),
('PNG.HW.0000016', '2018-01-22', '2023-01-21', 'KDCB.00001', 'KDVS.00019', 'KDPS.00071', 'KDHW.00017', 'GV003T', 'CORE I7-8550, 16 GB RAM, 512 GB SSD, WIN 10 HOME, 2 GB VGA VIDIA MX150', 'KDVN.00002', '16800000', 'O', '2018-12-03', '2018-12-03'),
('PNG.HW.0000017', '2018-01-22', '2023-01-21', 'KDCB.00001', 'KDVS.00007', 'KDPS.00080', 'KDHW.00017', 'GV003T', 'CORE I7-8550, 16 GB RAM, 512 GB SSD, WIN 10 HOME, 2 GB VGA NVIDIA MX150', 'KDVN.00002', '16800000', 'O', '2018-12-03', '2018-12-03'),
('PNG.HW.0000018', '2018-02-02', '2023-02-01', 'KDCB.00001', 'KDVS.00004', 'KDPS.00075', 'KDHW.00018', 'S410UN', 'CORE I5-8520, 8 GB RAM, 1 TB HDD, 128 GB SSD, WIN 10 HOME, 4 GB VGA NVIDIA MX150', 'KDVN.00002', '10600000', 'O', '2018-12-03', '2018-12-03'),
('PNG.HW.0000019', '2018-05-19', '2023-05-18', 'KDCB.00001', 'KDVS.00003', 'KDPS.00084', 'KDHW.00019', 'A442UF', 'CORE I5-8250U, 8 GB RAM, 1 TB HDD, WIN 10 HOME, 2 GB VGA NVIDIA MX130', 'KDVN.00002', '8350000', 'O', '2018-12-03', '2018-12-03'),
('PNG.HW.0000020', '2018-05-25', '2023-05-24', 'KDCB.00001', 'KDVS.00019', 'KDPS.00072', 'KDHW.00019', 'A442UF', 'CORE I5-8250U, 8 GB RAM, 1 TB HDD, WIN 10 HOME, 2 GB VGA NVIDIA MX130', 'KDVN.00002', '8350000', 'O', '2018-12-03', '2018-12-03'),
('PNG.HW.0000021', '2018-09-24', '2023-09-23', 'KDCB.00001', 'KDVS.00007', 'KDPS.00082', 'KDHW.00020', 'A442UR', 'CORE I5-8250U, 4 GB RAM, 1 TB HDD, WIN 10 HOME, 2 GB VGA NVIDIA 930MX', 'KDVN.00011', '8000000', 'O', '2018-12-03', '2018-12-03'),
('PNG.HW.0000022', '2016-05-30', '2021-05-29', 'KDCB.00001', 'KDVS.00001', 'KDPS.00079', 'KDHW.00021', '145459', 'CORE I7-6500U, 8 GB RAM, 1 TB HDD, WIN 10 HOME, 4 GB VGA NVIDIA 930MX', 'KDVN.00008', '13450000', 'O', '2018-12-03', '2018-12-03'),
('PNG.HW.0000023', '2016-05-30', '2021-05-29', 'KDCB.00020', 'KDVS.00008', 'KDPS.00062', 'KDHW.00021', '145459', 'CORE 17-6500U, 8 GB RAM, 1 TB HDD, WIN 10 HOME, 4 GB VGA NVIDIA 930MX', 'KDVN.00008', '13450000', 'O', '2018-12-03', '2018-12-03'),
('PNG.HW.0000024', '2011-12-22', '2016-12-20', 'KDCB.00001', 'KDVS.00003', 'KDPS.00026', 'KDHW.00023', 'S5DAKPZ', 'INTEL PENTIUM E5700, 4 GB RAM, 500 GB HDD, WIN 7 PRO 64-BIT', 'KDVN.00003', '6872000', 'C', '2018-12-04', '2018-12-04'),
('PNG.HW.0000025', '2011-12-22', '2016-12-20', 'KDCB.00001', 'KDVS.00003', 'KDPS.00026', 'KDHW.00024', 'V1KR147', 'MONITOR 21 INCH', 'KDVN.00003', '0', 'C', '2018-12-04', '2018-12-04'),
('PNG.HW.0000026', '2011-12-22', '2016-12-20', 'KDCB.00001', 'KDVS.00003', 'KDPS.00024', 'KDHW.00023', 'S5DALZT', 'INTEL DUAL CORE E5700, 4 GB RAM, 500 GB HDD, WIN 7 PRO 64-BIT', 'KDVN.00003', '6872000', 'C', '2018-12-04', '2018-12-04'),
('PNG.HW.0000027', '2011-12-22', '2016-12-20', 'KDCB.00001', 'KDVS.00003', 'KDPS.00024', 'KDHW.00024', 'ACC03D186WA', 'MONITOR 20 INCH', 'KDVN.00003', '0', 'C', '2018-12-04', '2018-12-04'),
('PNG.HW.0000028', '2011-12-22', '2016-12-20', 'KDCB.00001', 'KDVS.00003', 'KDPS.00023', 'KDHW.00023', 'ACC02A70', 'INTEL DUAL CORE E5700, 4 GB RAM, 500 GB HDD, WIN 7 PRO 64-BIT', 'KDVN.00003', '6872000', 'C', '2018-12-04', '2018-12-04'),
('PNG.HW.0000029', '2011-12-22', '2016-12-20', 'KDCB.00001', 'KDVS.00003', 'KDPS.00023', 'KDHW.00024', 'ACC02D186WA', 'MONITOR 20 INCH', 'KDVN.00003', '0', 'C', '2018-12-04', '2018-12-04'),
('PNG.HW.0000030', '2018-03-23', '2023-03-22', 'KDCB.00001', 'KDVS.00003', 'KDPS.00023', 'KDHW.00005', 'ACC02RAKITAN', 'CORE I3-7100, 4 GB RAM, 500 GB HDD, WIN 10 PRO 64-BIT', 'KDVN.00001', '7778000', 'O', '2018-12-04', '2018-12-04'),
('PNG.HW.0000031', '2018-03-23', '2023-03-22', 'KDCB.00001', 'KDVS.00003', 'KDPS.00023', 'KDHW.00016', 'ACC02LG', 'MONITOR 20 INCH', 'KDVN.00001', '995000', 'O', '2018-12-04', '2018-12-04'),
('PNG.HW.0000032', '2018-11-01', '2023-10-31', 'KDCB.00001', 'KDVS.00003', 'KDPS.00024', 'KDHW.00005', 'ACC03', 'CORE I3, 4 GB RAM, 500 GB HDD, WIN 10 PRO 64-BIT', 'KDVN.00001', '7778000', 'O', '2018-12-04', '2018-12-04'),
('PNG.HW.0000033', '2018-11-01', '2023-10-31', 'KDCB.00001', 'KDVS.00003', 'KDPS.00024', 'KDHW.00016', 'ACC03LG', 'MONITOR 20 INCH', 'KDVN.00001', '995000', 'O', '2018-12-04', '2018-12-04'),
('PNG.HW.0000034', '2017-04-26', '2022-04-25', 'KDCB.00001', 'KDVS.00005', 'KDPS.00076', 'KDHW.00025', 'H2HOROG', 'CORE I7-8250U, 16 GB RAM, 128 SSD, 1 TB HDD, 4 GB VGA NVIDIA GFORCE, WIN 10 PRO 64-BIT', 'KDVN.00002', '16500000', 'O', '2018-12-04', '2018-12-04'),
('PNG.HW.0000035', '2011-12-22', '2016-12-20', 'KDCB.00001', 'KDVS.00002', 'KDPS.00019', 'KDHW.00023', 'S5CHDMV', 'INTEL DUAL CORE E5700, 4 GB RAM, 500 GB HDD, WIN 7 PRO 64-BIT, 49438874 LICENSE NUMBER', 'KDVN.00003', '6872000', 'C', '2018-12-04', '2018-12-04'),
('PNG.HW.0000036', '2011-12-22', '2016-12-20', 'KDCB.00001', 'KDVS.00002', 'KDPS.00019', 'KDHW.00026', 'ETLMY0C001043146374021', 'MONITOR 14 INCH', 'KDVN.00003', '0', 'C', '2018-12-04', '2018-12-04'),
('PNG.HW.0000037', '2013-07-11', '2018-07-10', 'KDCB.00001', 'KDVS.00006', 'KDPS.00077', 'KDHW.00027', 'H3HOG480', 'CORE I3-2348M, 4 GB RAM, 500 GB HDD, 1 GB VGA NVIDIA GFORCE, WIN 7 PRO 64-BIT', 'KDVN.00003', '5350000', 'C', '2018-12-04', '2018-12-04'),
('PNG.HW.0000038', '2013-03-08', '2018-03-07', 'KDCB.00001', 'KDVS.00009', 'KDPS.00081', 'KDHW.00028', 'H2B480', 'CORE I3-2328, 4 GB RAM, 500 GB HDD, WIN 7 PRO 64-BIT', 'KDVN.00003', '4699000', 'O', '2018-12-04', '2018-12-04'),
('PNG.HW.0000039', '2016-05-03', '2021-05-02', 'KDCB.00001', 'KDVS.00004', 'KDPS.00086', 'KDHW.00029', 'HRD143458', 'CORE I3, 4 GB RAM, 500 GB HDD, 2 GB VGA NVIDIA GFORCE GT920M, WIN 7 PRO 64-BIT', 'KDVN.00008', '5520000', 'O', '2018-12-05', '2018-12-05'),
('PNG.HW.0000040', '2012-03-06', '2017-03-05', 'KDCB.00001', 'KDVS.00004', 'KDPS.00032', 'KDHW.00030', 'HRD01M1930', 'INTEL PENTIUM DUAL CORE, 2 GB RAM, 320 GB HDD, WIN 7 PRO 64-BIT', 'KDVN.00003', '4900000', 'O', '2018-12-05', '2018-12-05'),
('PNG.HW.0000041', '2012-03-06', '2017-03-05', 'KDCB.00001', 'KDVS.00004', 'KDPS.00032', 'KDHW.00031', 'HRD01P166HQL', 'MONITOR 14 INCH', 'KDVN.00003', '0', 'O', '2018-12-05', '2018-12-05'),
('PNG.HW.0000042', '2011-12-13', '2016-12-11', 'KDCB.00001', 'KDVS.00003', 'KDPS.00022', 'KDHW.00030', 'ACC01M1930', 'INTEL PENTIUM DUAL CORE, 2 GB RAM, 320 HDD, WIN 7 PRO 32-BIT', 'KDVN.00003', '4900000', 'C', '2018-12-05', '2018-12-05'),
('PNG.HW.0000043', '2011-12-13', '2016-12-11', 'KDCB.00001', 'KDVS.00003', 'KDPS.00022', 'KDHW.00026', 'ACC01H163HQ', 'MONITOR 14 INCH', 'KDVN.00003', '0', 'C', '2018-12-05', '2018-12-05'),
('PNG.HW.0000044', '2011-12-22', '2016-12-20', 'KDCB.00001', 'KDVS.00003', 'KDPS.00025', 'KDHW.00023', 'ACC04A70', 'INTEL PENTIUM E5700, 4 GB RAM, 320 GB HDD, WIN 7 PRO 64-BIT', 'KDVN.00003', '6872000', 'C', '2018-12-05', '2018-12-05'),
('PNG.HW.0000045', '2011-12-22', '2016-12-20', 'KDCB.00001', 'KDVS.00003', 'KDPS.00025', 'KDHW.00024', 'ACC04D186WA', 'MONITOR 20 INCH', 'KDVN.00003', '0', 'C', '2018-12-05', '2018-12-05'),
('PNG.HW.0000046', '2012-02-07', '2017-02-05', 'KDCB.00001', 'KDVS.00003', 'KDPS.00027', 'KDHW.00023', 'ACC06A70', 'INTEL PENTIUM E5700, 4 GB RAM, 320 GB HDD, WIN 7 PRO 64-BIT', 'KDVN.00003', '6872000', 'C', '2018-12-05', '2018-12-05'),
('PNG.HW.0000047', '2012-02-07', '2017-02-05', 'KDCB.00001', 'KDVS.00003', 'KDPS.00027', 'KDHW.00024', 'ACC06D186WA', 'MONITOR 20 INCH', 'KDVN.00003', '0', 'C', '2018-12-05', '2018-12-05'),
('PNG.HW.0000048', '2013-03-05', '2018-03-04', 'KDCB.00001', 'KDVS.00003', 'KDPS.00028', 'KDHW.00005', 'ACC07PC', 'CORE I3-4130, 4 GB RAM, 500 GB HDD, WIN 7 PRO 32-BIT', 'KDVN.00001', '7535000', 'O', '2018-12-05', '2018-12-05'),
('PNG.HW.0000049', '2013-03-05', '2018-03-04', 'KDCB.00001', 'KDVS.00003', 'KDPS.00028', 'KDHW.00032', 'ACC07E1660SW', 'MONITOR 15 INCH', 'KDVN.00001', '815000', 'O', '2018-12-05', '2018-12-05'),
('PNG.HW.0000050', '2015-07-09', '2020-07-07', 'KDCB.00001', 'KDVS.00003', 'KDPS.00029', 'KDHW.00005', 'ACC08PC', 'CORE I3-4130, 4 GB RAM, 500 GB HDD, WIN 7 PRO 64-BIT', 'KDVN.00001', '8350000', 'O', '2018-12-05', '2018-12-05'),
('PNG.HW.0000051', '2011-12-23', '2016-12-21', 'KDCB.00001', 'KDVS.00003', 'KDPS.00029', 'KDHW.00024', 'ACC08D186WA', 'MONITOR 20 INCH', 'KDVN.00003', '0', 'O', '2018-12-05', '2018-12-05'),
('PNG.HW.0000052', '2018-03-01', '2023-02-28', 'KDCB.00001', 'KDVS.00003', 'KDPS.00030', 'KDHW.00005', 'ACC09PC', 'CORE I3-6100, 4 GB RAM, 500 GB HDD, WIN 10 PRO 64-BIT', 'KDVN.00001', '7778000', 'O', '2018-12-05', '2018-12-05'),
('PNG.HW.0000053', '2018-03-01', '2023-02-28', 'KDCB.00001', 'KDVS.00003', 'KDPS.00030', 'KDHW.00033', 'ACC0920MP48A', 'MONITOR 20 INCH', 'KDVN.00001', '995000', 'O', '2018-12-05', '2018-12-05'),
('PNG.HW.0000054', '2018-03-01', '2023-02-28', 'KDCB.00001', 'KDVS.00003', 'KDPS.00031', 'KDHW.00005', 'ACC10PC', 'CORE I3-6100, 4 GB RAM, 500 GB HDD, WIN 10 PRO 64-BIT', 'KDVN.00001', '7778000', 'O', '2018-12-05', '2018-12-05'),
('PNG.HW.0000055', '2018-03-01', '2023-02-28', 'KDCB.00001', 'KDVS.00003', 'KDPS.00031', 'KDHW.00033', 'ACC1020MP48A', 'MONITOR 20 INCH', 'KDVN.00001', '995000', 'O', '2018-12-05', '2018-12-05'),
('PNG.HW.0000056', '2013-02-08', '2018-02-07', 'KDCB.00002', 'KDVS.00010', 'KDPS.00064', 'KDHW.00005', 'S2662SB38012110536', 'CORE I3-4130, 4 GB RAM, 120 SSD, WIN 10 PRO 64-BIT', 'KDVN.00012', '4900000', 'O', '2018-12-17', '2018-12-17'),
('PNG.HW.0000057', '2013-04-01', '2018-03-31', 'KDCB.00001', 'KDVS.00002', 'KDPS.00021', 'KDHW.00005', 'STNKHOPC', 'CORE I3-4130, 4 GB RAM, 500 GB HDD, WIN 7 PRO 64-BIT', 'KDVN.00001', '4900000', 'O', '2018-12-17', '2018-12-17'),
('PNG.HW.0000058', '2016-05-06', '2021-05-05', 'KDCB.00001', 'KDVS.00003', 'KDPS.00074', 'KDHW.00034', 'PF0FG7XP', 'CORE I5, 12 GB RAM, 1 TB HDD, WIN 10 HOME 64-BIT', 'KDVN.00001', '7000000', 'O', '2018-12-20', '2018-12-20'),
('PNG.HW.0000059', '2018-08-30', '2023-08-29', 'KDCB.00023', 'KDVS.00008', 'KDPS.00041', 'KDHW.00005', 'PCJTA', 'CORE I3-7100, 4 GB RAM, 500 GB HDD, WIN 7 PRO 64-BIT', 'KDVN.00001', '7778000', 'O', '2018-12-20', '2018-12-20'),
('PNG.HW.0000060', '2018-12-20', '2023-12-19', 'KDCB.00002', 'KDVS.00009', 'KDPS.00048', 'KDHW.00035', 'X441BA-GA913T', 'AMD DUAL CORE A9, 4 GB RAM, 1 TB HDD, WIN 10 HOME 64-BIT, DIPAKAI UNTUK CHECKING AKI MOTOR', 'KDVN.00001', '4590000', 'O', '2018-12-21', '2018-12-21'),
('PNG.HW.0000061', '2018-12-21', '2023-12-20', 'KDCB.00001', 'KDVS.00004', 'KDPS.00034', 'KDHW.00036', 'TS-249025028', '4 TB, BACKUP DATA KARYAWAN', 'KDVN.00013', '1795000', 'O', '2018-12-21', '2018-12-21'),
('PNG.HW.0000062', '2013-04-22', '2018-04-21', 'KDCB.00002', 'KDVS.00010', 'KDPS.00064', 'KDHW.00032', '156LM00004', 'MONITOR 15 INCH', 'KDVN.00003', '780000', 'O', '2018-12-24', '2018-12-24'),
('PNG.HW.0000063', '2018-12-24', '2023-12-23', 'KDCB.00001', 'KDVS.00005', 'KDPS.00076', 'KDHW.00037', '18931/18TP00303', 'IMEI1: 889802031886244', 'KDVN.00016', '1905000', 'O', '2018-12-24', '2018-12-28'),
('PNG.HW.0000064', '2013-04-23', '2018-04-22', 'KDCB.00002', 'KDVS.00009', 'KDPS.00050', 'KDHW.00005', 'S2676SB38012110032', 'INTEL CORE I3-3210, 4 GB RAM, 120 GB HDD, WIN 10 PRO 64-BIT, MSI B75MA-P45 MOTHERBOARD', 'KDVN.00001', '7778000', 'O', '2018-12-27', '2018-12-27'),
('PNG.HW.0000065', '2009-02-11', '2014-02-10', 'KDCB.00002', 'KDVS.00009', 'KDPS.00050', 'KDHW.00038', 'W1642ST', '14 INCH', 'KDVN.00003', '0', 'O', '2018-12-27', '2018-12-27'),
('PNG.HW.0000066', '2013-04-26', '2018-04-25', 'KDCB.00002', 'KDVS.00009', 'KDPS.00051', 'KDHW.00005', 'FRONTDESK02PC', 'INTEL CORE I3-3210, 4 GB RAM, 120 GB HDD, WIN 10 PRO 64-BIT, MSI B75MA-P45 MOTHERBOARD', 'KDVN.00001', '7778000', 'O', '2018-12-27', '2018-12-27'),
('PNG.HW.0000067', '2009-08-06', '2014-08-05', 'KDCB.00002', 'KDVS.00009', 'KDPS.00051', 'KDHW.00038', 'W1642ST', '14 INCH', 'KDVN.00003', '0', 'O', '2018-12-27', '2018-12-27'),
('PNG.HW.0000068', '2018-12-25', '2023-12-24', 'KDCB.00001', 'KDVS.00019', 'KDPS.00087', 'KDHW.00039', '809INQU3X388', 'SMART TV 43 INCH', 'KDVN.00001', '5365000', 'O', '2018-12-28', '2018-12-28'),
('PNG.HW.0000069', '2018-01-17', '2023-01-16', 'KDCB.00002', 'KDVS.00008', 'KDPS.00044', 'KDHW.00005', 'SJ01PC', 'CORE I3, 4 GB RAM, 500 GB HDD, WIN 10 PRO 64-BIT', 'KDVN.00001', '7355000', 'O', '2018-12-28', '2018-12-28'),
('PNG.HW.0000070', '2018-01-17', '2023-01-16', 'KDCB.00002', 'KDVS.00008', 'KDPS.00044', 'KDHW.00033', 'SJ20MP48A', '20 INCH', 'KDVN.00001', '995000', 'O', '2018-12-28', '2018-12-28'),
('PNG.HW.0000071', '2016-07-26', '2021-07-25', 'KDCB.00002', 'KDVS.00009', 'KDPS.00048', 'KDHW.00005', 'KABENGPC', 'INTEL CORE I3, 4 GB RAM, 500 GB HDD, WIN 7 PRO 64-BIT', 'KDVN.00001', '7005000', 'O', '2018-12-28', '2018-12-28'),
('PNG.HW.0000072', '2016-07-26', '2021-07-25', 'KDCB.00002', 'KDVS.00009', 'KDPS.00048', 'KDHW.00033', 'KABENG20MP48A', '20 INCH', 'KDVN.00001', '995000', 'O', '2018-12-28', '2018-12-28'),
('PNG.HW.0000073', '2018-11-09', '2023-11-08', 'KDCB.00022', 'KDVS.00009', 'KDPS.00061', 'KDHW.00040', 'CISEENGM102W', 'LASERJET', 'KDVN.00001', '1700000', 'O', '2018-12-28', '2018-12-28'),
('PNG.HW.0000074', '2018-08-01', '2023-07-31', 'KDCB.00002', 'KDVS.00009', 'KDPS.00060', 'KDHW.00005', 'LKHPC', 'INTEL CORE I3, 4 GB RAM, 500 GB HDD, WIN 10 PRO 64-BIT', 'KDVN.00001', '7405000', 'O', '2018-12-28', '2018-12-28'),
('PNG.HW.0000075', '2018-08-01', '2023-07-31', 'KDCB.00002', 'KDVS.00009', 'KDPS.00060', 'KDHW.00033', 'LKH20MP48A', '20 INCH', 'KDVN.00001', '995000', 'O', '2018-12-28', '2018-12-28'),
('PNG.HW.0000076', '2018-08-27', '2023-08-26', 'KDCB.00002', 'KDVS.00009', 'KDPS.00066', 'KDHW.00005', 'PART03PC', 'INTEL CORE I3, 4 GB RAM, 120 GB SSD, WIN 10 PRO 64-BIT', 'KDVN.00001', '7778000', 'O', '2018-12-28', '2018-12-28'),
('PNG.HW.0000077', '2018-08-27', '2023-08-26', 'KDCB.00002', 'KDVS.00009', 'KDPS.00066', 'KDHW.00016', 'PART0320M39H-B', '20 INCH', 'KDVN.00001', '995000', 'O', '2018-12-28', '2018-12-28'),
('PNG.HW.0000078', '2018-12-21', '2023-12-20', 'KDCB.00001', 'KDVS.00001', 'KDPS.00054', 'KDHW.00008', 'KX-NS300', '12 CO, 2 DIGITAL, 38 ANALOG', 'KDVN.00014', '21222000', 'O', '2018-12-28', '2018-12-28'),
('PNG.HW.0000079', '2018-07-23', '2023-07-22', 'KDCB.00024', 'KDVS.00010', 'KDPS.00064', 'KDHW.00005', 'CILEUNGSIPARTPC', 'INTEL CORE I3, 4 GB RAM, 500 GB HDD, WIN 10 PRO 64-BIT', 'KDVN.00001', '7405000', 'O', '2018-12-28', '2018-12-28'),
('PNG.HW.0000080', '2018-07-23', '2023-07-22', 'KDCB.00024', 'KDVS.00010', 'KDPS.00064', 'KDHW.00033', 'CILEUNGSI20MP48A', '20 INCH', 'KDVN.00001', '995000', 'O', '2018-12-28', '2018-12-28'),
('PNG.HW.0000081', '2018-03-16', '2023-03-15', 'KDCB.00009', 'KDVS.00001', 'KDPS.00054', 'KDHW.00041', 'BANJARANT30', 'INTEL XEON E3-1225, 16 GB RAM, 4 TB HDD (2 TB RAID 1), WIN SERVER 2016 64-BIT', 'KDVN.00015', '44044000', 'O', '2018-12-28', '2018-12-28'),
('PNG.HW.0000082', '2017-01-16', '2022-01-15', 'KDCB.00020', 'KDVS.00008', 'KDPS.00045', 'KDHW.00005', 'BASKASIRPC', 'INTEL CORE I3, 4 GB RAM, 500 GB HDD, WIN 7 PRO 64-BIT', 'KDVN.00001', '7205000', 'O', '2018-12-28', '2018-12-28'),
('PNG.HW.0000083', '2017-01-16', '2022-01-15', 'KDCB.00020', 'KDVS.00008', 'KDPS.00045', 'KDHW.00033', 'BASKASIR20MP48A', '20 INCH', 'KDVN.00001', '995000', 'O', '2018-12-28', '2018-12-28'),
('PNG.HW.0000084', '2018-12-07', '2023-12-06', 'KDCB.00020', 'KDVS.00019', 'KDPS.00087', 'KDHW.00042', 'BASIN114XA', 'PROJECTOR', 'KDVN.00001', '5450000', 'O', '2018-12-28', '2018-12-28'),
('PNG.HW.0000085', '2017-01-16', '2022-01-15', 'KDCB.00020', 'KDVS.00008', 'KDPS.00045', 'KDHW.00004', 'BASKASIRLX310', 'DOT METRIX', 'KDVN.00001', '2120000', 'O', '2018-12-28', '2018-12-28'),
('PNG.HW.0000086', '2016-03-26', '2021-03-25', 'KDCB.00020', 'KDVS.00008', 'KDPS.00041', 'KDHW.00005', 'BASADHPC', 'INTEL CORE I3, 4 GB RAM, 500 GB HDD, WIN 7 PRO 64-BIT', 'KDVN.00001', '7050000', 'O', '2018-12-28', '2018-12-28'),
('PNG.HW.0000087', '2016-03-26', '2021-03-25', 'KDCB.00020', 'KDVS.00008', 'KDPS.00041', 'KDHW.00033', 'BASADH20MP48A', '20 INCH', 'KDVN.00001', '995000', 'O', '2018-12-28', '2018-12-28'),
('PNG.HW.0000088', '2018-12-24', '2023-12-23', 'KDCB.00006', 'KDVS.00009', 'KDPS.00049', 'KDHW.00037', '18931/18TN03435', '3 GB RAM, INTERNAL 32 GB', 'KDVN.00016', '1905000', 'O', '2018-12-28', '2018-12-28'),
('PNG.HW.0000089', '2018-12-28', '2023-12-27', 'KDCB.00001', 'KDVS.00007', 'KDPS.00008', 'KDHW.00043', '810NTMXAQ291', 'LED MONITOR LG 24 INCH', 'KDVN.00003', '2100000', 'O', '2018-12-29', '2018-12-29'),
('PNG.HW.0000090', '2018-12-24', '2023-12-23', 'KDCB.00009', 'KDVS.00009', 'KDPS.00049', 'KDHW.00037', '18931/18TN04738', '3 GB RAM, INTERNAL 32 GB', 'KDVN.00016', '1905000', 'O', '2019-01-09', '2019-01-09'),
('PNG.HW.0000091', '2018-03-09', '2023-03-08', 'KDCB.00005', 'KDVS.00008', 'KDPS.00042', 'KDHW.00005', 'BMJ03ARPC', 'INTEL CORE I3-4150, MB ASUS H81M-E, RAM SAMSUNG DDR3 2 X 2 GB PC-12800, HDD 500 GB', 'KDVN.00001', '7778000', 'O', '2019-01-09', '2019-01-09'),
('PNG.HW.0000092', '2018-03-09', '2023-03-08', 'KDCB.00005', 'KDVS.00008', 'KDPS.00042', 'KDHW.00033', '707NTMX17515', '21 INCH', 'KDVN.00001', '995000', 'O', '2019-01-09', '2019-01-09'),
('PNG.HW.0000093', '2014-03-10', '2019-03-09', 'KDCB.00005', 'KDVS.00008', 'KDPS.00043', 'KDHW.00005', 'BMJ03SALESADMPC', 'INTEL CORE I3-3240, MB GIGABYTE H61M-S2P-R3, RAM DDR3 2 X 2 GB PC3-12800, LICENSE NUMBER 48992448', 'KDVN.00001', '7778000', 'O', '2019-01-09', '2019-01-09'),
('PNG.HW.0000094', '2010-02-01', '2015-01-31', 'KDCB.00005', 'KDVS.00008', 'KDPS.00043', 'KDHW.00038', 'BMJ03W1642SSLSADM', 'MONITOR 15 INCH', 'KDVN.00001', '0', 'O', '2019-01-09', '2019-01-09'),
('PNG.HW.0000096', '2017-05-18', '2022-05-17', 'KDCB.00005', 'KDVS.00009', 'KDPS.00049', 'KDHW.00005', 'BMJ03CRMH2PC', 'INTEL CORE I3-6100, MB ASUS H110M-C D3, RAM DDR3 2 X 2 GB PC-12800, HDD 500 GB', 'KDVN.00001', '7778000', 'O', '2019-01-09', '2019-01-09'),
('PNG.HW.0000097', '2017-05-18', '2022-05-17', 'KDCB.00005', 'KDVS.00009', 'KDPS.00049', 'KDHW.00033', '602NTZN8665', '20 INCH', 'KDVN.00001', '995000', 'O', '2019-01-09', '2019-01-09'),
('PNG.HW.0000098', '2016-01-29', '2021-01-27', 'KDCB.00005', 'KDVS.00009', 'KDPS.00050', 'KDHW.00005', 'BMJ03FD01PC', 'INTEL CORE I3-3210, MB ASUS P8H61-M, RAM DDR 3 2 X 2 GB PC 10700', 'KDVN.00001', '7778000', 'O', '2019-01-09', '2019-01-09'),
('PNG.HW.0000099', '2019-01-08', '2024-01-07', 'KDCB.00005', 'KDVS.00009', 'KDPS.00050', 'KDHW.00016', 'BMJ0320M39H-BFD01', '20 INCH', 'KDVN.00001', '995000', 'O', '2019-01-09', '2019-01-09'),
('PNG.HW.0000100', '2019-01-09', '2024-01-08', 'KDCB.00001', 'KDVS.00007', 'KDPS.00096', 'KDHW.00044', 'BNJHO-807NTDV4V778', 'MONITOR LED LG 20&quot;INCH', 'KDVN.00001', '995000', 'O', '2019-01-10', '2019-01-11'),
('PNG.HW.0000101', '2018-11-21', '2023-11-20', 'KDCB.00005', 'KDVS.00008', 'KDPS.00059', 'KDHW.00005', 'S2627SB3801803X00025', 'INTEL CORE I3-7100, MB GIGABYTE H110M-S2PH-CF, RAM V-GEN DDR 4-2401 4 GB, WIN 10 PRO 64 -BIT', 'KDVN.00001', '7510000', 'O', '2019-01-10', '2019-01-10'),
('PNG.HW.0000102', '2018-11-21', '2023-11-20', 'KDCB.00005', 'KDVS.00008', 'KDPS.00059', 'KDHW.00016', 'BMJ0320M39H-BOVP', '20 INCH', 'KDVN.00001', '995000', 'O', '2019-01-10', '2019-01-10'),
('PNG.HW.0000103', '2016-01-11', '2021-01-09', 'KDCB.00005', 'KDVS.00009', 'KDPS.00051', 'KDHW.00005', 'BMJ03FD02PC', 'INTEL CORE I3-4160, MB ASUS H81M-C, RAM DDR 3 PC-12800 2 X 2 GB, HDD 500 GB, WIN 7 PRO 64-BIT', 'KDVN.00001', '7778000', 'O', '2019-01-10', '2019-01-10'),
('PNG.HW.0000104', '2016-01-11', '2021-01-09', 'KDCB.00005', 'KDVS.00009', 'KDPS.00051', 'KDHW.00045', 'BMJ03E1641FD02', '14 INCH', 'KDVN.00001', '0', 'O', '2019-01-10', '2019-01-10'),
('PNG.HW.0000105', '2018-01-30', '2023-01-29', 'KDCB.00005', 'KDVS.00010', 'KDPS.00064', 'KDHW.00005', 'BMJ03PART01PC', 'INTEL CORE I3-6100, MB ASUS H110M-D, RAM DDR4-2135, HDD 500 GB, WIN 10 PRO 64-BIT', 'KDVN.00001', '7778000', 'O', '2019-01-10', '2019-01-10'),
('PNG.HW.0000106', '2018-01-30', '2023-01-29', 'KDCB.00005', 'KDVS.00010', 'KDPS.00064', 'KDHW.00033', '705NTMXC9723', '20 INCH', 'KDVN.00001', '995000', 'O', '2019-01-10', '2019-01-10'),
('PNG.HW.0000107', '2011-11-18', '2016-11-16', 'KDCB.00005', 'KDVS.00010', 'KDPS.00065', 'KDHW.00005', 'BMJ03PART02PC', 'INTEL PENTIUM G2120, MB ASUS H61M-K, RAM DDR 3 PC-12800 4 GB, HDD 500 GB, WIN 7 PRO 64-BIT', 'KDVN.00001', '7778000', 'O', '2019-01-10', '2019-01-10'),
('PNG.HW.0000108', '2011-11-18', '2016-11-16', 'KDCB.00005', 'KDVS.00010', 'KDPS.00065', 'KDHW.00031', 'ETLTJ0D0101350B0828501', '14 INCH', 'KDVN.00001', '0', 'O', '2019-01-10', '2019-01-10'),
('PNG.HW.0000109', '2016-01-07', '2021-01-05', 'KDCB.00005', 'KDVS.00008', 'KDPS.00058', 'KDHW.00005', 'MBJ03PDIPC', 'INTEL CORE I3-3240, MB GIGABYTE H61M-S2P-R3, RAM DDR3 PC-10700, HDD 500 GB, LICENSE NUMBER 48992448, WIN 7 PRO 64 BIT', 'KDVN.00001', '7778000', 'O', '2019-01-10', '2019-02-06'),
('PNG.HW.0000110', '2011-11-17', '2016-11-15', 'KDCB.00005', 'KDVS.00008', 'KDPS.00058', 'KDHW.00031', 'BMJ03P166HQLPDI', '14 INCH', 'KDVN.00001', '0', 'O', '2019-01-10', '2019-01-10'),
('PNG.HW.0000111', '2012-11-01', '2017-10-31', 'KDCB.00005', 'KDVS.00009', 'KDPS.00094', 'KDHW.00030', 'BMJ03M1930SA', 'INTEL PENTIUM G620, MB ACER ASPIRE M1930, RAM SAMSUNG DDR 3 PC-12800 3 GB, HDD 500 GB, WIN 7 PRO 64-BIT', 'KDVN.00003', '7000000', 'O', '2019-01-10', '2019-01-10'),
('PNG.HW.0000112', '2018-03-01', '2023-02-28', 'KDCB.00005', 'KDVS.00009', 'KDPS.00094', 'KDHW.00046', 'BMJ03S19F350HNESA', '20 INCH', 'KDVN.00005', '955000', 'O', '2019-01-10', '2019-01-10'),
('PNG.HW.0000113', '2011-11-18', '2016-11-16', 'KDCB.00005', 'KDVS.00008', 'KDPS.00044', 'KDHW.00030', 'BMJ03M1930PC', 'INTEL PENTIUM G620, MB ASPIRE M1930, RAM ADATA DDR 3 PC-12800 4 GB, HDD 500 GB, LICENSE NUMBER 49295947, WIN 7 PRO 64-BIT', 'KDVN.00001', '7750000', 'O', '2019-01-10', '2019-01-10'),
('PNG.HW.0000114', '2011-11-18', '2016-11-16', 'KDCB.00005', 'KDVS.00008', 'KDPS.00044', 'KDHW.00031', 'BMJ03P166HQLSJ', '14 INCH', 'KDVN.00001', '0', 'O', '2019-01-10', '2019-01-10'),
('PNG.HW.0000115', '2019-01-10', '2024-01-09', 'KDCB.00005', 'KDVS.00008', 'KDPS.00055', 'KDHW.00016', '808INEW1S516', 'MONITOR LED', 'KDVN.00001', '950000', 'O', '2019-01-10', '2019-01-10'),
('PNG.HW.0000116', '2019-01-10', '2024-01-09', 'KDCB.00005', 'KDVS.00008', 'KDPS.00047', 'KDHW.00047', 'X5DX100277', 'PRINTER EPSON L3110', 'KDVN.00001', '2050000', 'O', '2019-01-10', '2019-01-10'),
('PNG.HW.0000117', '2018-11-21', '2023-11-20', 'KDCB.00005', 'KDVS.00008', 'KDPS.00046', 'KDHW.00005', 'BMJ03STNK01PC', 'INTEL CORE I3-7100, MB GIGABYTE H110M-S2PH-CF, RAM V-GEN DDR 4-2401 4 GB, WIN 10 PRO 64 -BIT', 'KDVN.00001', '7778000', 'O', '2019-01-11', '2019-01-11'),
('PNG.HW.0000118', '2018-11-21', '2023-11-20', 'KDCB.00005', 'KDVS.00008', 'KDPS.00046', 'KDHW.00016', 'BMJ0320M39H-BSTNK01', '20 INCH', 'KDVN.00001', '995000', 'O', '2019-01-11', '2019-01-11'),
('PNG.HW.0000119', '2019-01-10', '2024-01-09', 'KDCB.00005', 'KDVS.00008', 'KDPS.00047', 'KDHW.00048', '8JAKK649897', 'TELEPON SINGLE LINE WARNA BLACK', 'KDVN.00001', '149000', 'O', '2019-01-11', '2019-01-11'),
('PNG.HW.0000120', '2011-11-25', '2016-11-23', 'KDCB.00005', 'KDVS.00008', 'KDPS.00055', 'KDHW.00031', 'BMJ03P166HQLSTNK02', '14 INCH', 'KDVN.00003', '0', 'C', '2019-01-11', '2019-01-11'),
('PNG.HW.0000121', '2018-10-31', '2023-10-30', 'KDCB.00005', 'KDVS.00008', 'KDPS.00056', 'KDHW.00005', 'BMJ03STNK03PC', 'INTEL CORE I3-4130, MB GIGABYTE H81M-S2PH, RAM DDR 3 PC 10700 2 X 2 GB, SSD 120 GB, WIN 7 PRO 64-BIT', 'KDVN.00001', '7778000', 'O', '2019-01-11', '2019-01-11'),
('PNG.HW.0000122', '2010-02-01', '2015-01-31', 'KDCB.00005', 'KDVS.00008', 'KDPS.00056', 'KDHW.00038', 'BMJ03W1642S', '14 INCH', 'KDVN.00003', '0', 'O', '2019-01-11', '2019-01-11'),
('PNG.HW.0000123', '2010-01-01', '2014-12-31', 'KDCB.00005', 'KDVS.00001', 'KDPS.00054', 'KDHW.00012', 'BMJ03T110SERVER', 'INTEL XEON X3430 SOCKET 1156 LGA, MB DELL, DDR3 4 GB, HDD 2 TB RAID 1, WIN SERVER 2008 R2 64-BIT', 'KDVN.00008', '27300000', 'O', '2019-01-11', '2019-01-11'),
('PNG.HW.0000124', '2018-07-11', '2023-07-10', 'KDCB.00005', 'KDVS.00008', 'KDPS.00055', 'KDHW.00005', 'BMJ03STNK02PC', 'INTEL CORE I3-6100, RAM 4 GB, SSD 120 GB, LICENSE NUMBER 48992448, WIN 7 PRO 64-BIT', 'KDVN.00001', '7778000', 'O', '2019-01-11', '2019-01-11'),
('PNG.HW.0000125', '2019-01-09', '2024-01-08', 'KDCB.00001', 'KDVS.00007', 'KDPS.00095', 'KDHW.00049', '811INWA1M201', '24 INCH', 'KDVN.00001', '1949000', 'O', '2019-01-11', '2019-01-11'),
('PNG.HW.0000126', '2019-01-09', '2024-01-08', 'KDCB.00001', 'KDVS.00007', 'KDPS.00095', 'KDHW.00005', 'SMC15SB480180600637', 'INTEL CORE I7-8700, MB ASUS ROG STRIX Z370-G GAMING, RAM KINGSTON DDR4-2666 2 X 8 GB, VGA NVIDIA GFORCE GTX 1070 GIGABYTE 8 GB, WIN 10 PRO 64-BIT', 'KDVN.00001', '24541000', 'O', '2019-01-11', '2019-01-11'),
('PNG.HW.0000127', '2013-04-22', '2018-04-21', 'KDCB.00002', 'KDVS.00010', 'KDPS.00065', 'KDHW.00005', 'S2652SB38013012253', 'INTEL CORE I3-3230, MB ASUS, RAM 4 GB, SSD 120 GB, WIN 7 PRO 64-BIT, LICENSE NUMBER 69798686', 'KDVN.00003', '7778000', 'O', '2019-01-14', '2019-01-14'),
('PNG.HW.0000128', '2010-02-01', '2015-01-31', 'KDCB.00002', 'KDVS.00010', 'KDPS.00065', 'KDHW.00038', 'BNJW1642SPART02', '14 INCH', 'KDVN.00003', '0', 'O', '2019-01-14', '2019-01-14'),
('PNG.HW.0000129', '2019-01-15', '2024-01-14', 'KDCB.00024', 'KDVS.00008', 'KDPS.00061', 'KDHW.00035', 'JBN0CV07C975465', 'AMD DUAL CORE A9, 4 GB RAM, 1 TB HDD, WIN 10 HOME 64-BIT, DIPAKAI UNTUK OPERASIONAL SOH POS CILEUNGSI. NYRJ3-2TJDJ-BHPQ4-F2YHP-CKCH2\r\n', 'KDVN.00001', '4905000', 'O', '2019-01-15', '2019-01-16'),
('PNG.HW.0000130', '2019-01-14', '2024-01-13', 'KDCB.00002', 'KDVS.00010', 'KDPS.00066', 'KDHW.00005', 'S2627SB3801803X00340', 'INTEL CORE I3-7100, MB ASUS H110M-D, RAM V-GEN DDR4-2401 4 GB, WIN 10 PRO 64-BIT, LICENSE NUMBER 69798686', 'KDVN.00001', '7778000', 'O', '2019-01-16', '2019-01-16'),
('PNG.HW.0000131', '2019-01-02', '2024-01-01', 'KDCB.00007', 'KDVS.00009', 'KDPS.00050', 'KDHW.00050', 'CLUG85AF161', '850 VA', 'KDVN.00017', '1050000', 'O', '2019-01-16', '2019-01-16'),
('PNG.HW.0000132', '2019-01-02', '2024-01-01', 'KDCB.00007', 'KDVS.00010', 'KDPS.00064', 'KDHW.00050', 'CLUG85AF160', '850 VA', 'KDVN.00017', '1050000', 'O', '2019-01-16', '2019-01-16'),
('PNG.HW.0000133', '2019-01-15', '2024-01-14', 'KDCB.00025', 'KDVS.00008', 'KDPS.00061', 'KDHW.00035', 'JBN0CV07C87846A', 'AMD DUAL CORE A9, 4 GB RAM, 1 TB HDD, WIN 10 HOME 64-BIT, DIPAKAI UNTUK OPERASIONAL SOH POS CIOMAS. CW6V8-VTNGG-7K7FQ3-3J6YB-X4R72', 'KDVN.00001', '4905000', 'O', '2019-01-16', '2019-01-16'),
('PNG.HW.0000134', '2019-01-16', '2024-01-15', 'KDCB.00026', 'KDVS.00008', 'KDPS.00061', 'KDHW.00035', 'JBN0CV07C83946C', 'LAPTOP ASUS', 'KDVN.00001', '4905000', 'O', '2019-01-16', '2019-01-16'),
('PNG.HW.0000135', '2017-04-11', '2022-04-10', 'KDCB.00020', 'KDVS.00009', 'KDPS.00097', 'KDHW.00005', 'BASANTRIANPC', 'INTEL CORE I3-6100, MB ASUS H110M-D, RAM SAMSUNG DDR4-2132 4 GB, HDD 500 GB, WIN 7 PRO 32-BIT, LICENSE NUMBER 49597073', 'KDVN.00001', '7778000', 'O', '2019-01-18', '2019-01-18'),
('PNG.HW.0000136', '2019-01-17', '2024-01-16', 'KDCB.00020', 'KDVS.00009', 'KDPS.00101', 'KDHW.00005', 'S2680SB380180300570', 'INTEL CORE I3-7100, MB ASUS H110M-D, RAM 4 GB, SSD 120 GB, WIN 10 PRO 64-BIT, PRODUCT KEY XGTHK-PN32C-KQ9WJ-KW47W-Q69TT', 'KDVN.00001', '7510000', 'O', '2019-01-18', '2019-01-18'),
('PNG.HW.0000137', '2019-01-17', '2024-01-16', 'KDCB.00020', 'KDVS.00009', 'KDPS.00101', 'KDHW.00044', '804NTYTAU418', '20 INCH', 'KDVN.00001', '995000', 'O', '2019-01-18', '2019-01-18'),
('PNG.HW.0000138', '2017-01-20', '2022-01-19', 'KDCB.00020', 'KDVS.00009', 'KDPS.00102', 'KDHW.00051', 'BASCORNER01', 'AMD E2-7110, MB HP, RAM SAMSUNG DDR3-12800, HDD 500 GB, WIN 10 HOME SINGLE LANGAUGE 64-BIT', 'KDVN.00008', '4500000', 'O', '2019-01-18', '2019-01-18'),
('PNG.HW.0000139', '2017-01-20', '2022-01-19', 'KDCB.00020', 'KDVS.00009', 'KDPS.00103', 'KDHW.00051', 'BASCORNER02', 'AMD E2-7110, MB HP, RAM SAMSUNG DDR3-12800, HDD 500 GB, WIN 10 HOME SINGLE LANGAUGE 64-BIT', 'KDVN.00008', '4500000', 'O', '2019-01-18', '2019-01-18'),
('PNG.HW.0000140', '2017-01-20', '2022-01-19', 'KDCB.00020', 'KDVS.00009', 'KDPS.00104', 'KDHW.00051', 'BASCORNER03', 'AMD E2-7110, MB HP, RAM SAMSUNG DDR3-12800, HDD 500 GB, WIN 10 HOME SINGLE LANGAUGE 64-BIT', 'KDVN.00008', '4500000', 'O', '2019-01-18', '2019-01-18'),
('PNG.HW.0000141', '2018-09-04', '2023-09-03', 'KDCB.00021', 'KDVS.00001', 'KDPS.00054', 'KDHW.00041', '82Z2YH2', 'INTEL XEON E3-1225 V5, MB DELL 07T4MC, RAM KINGSTON ECC DDR4-2401 2 X 8 GB, HDD 2 TB RAID 1, LICENSE NUMBER, WIN SERVER 2016 STANDARD 64-BIT', 'KDVN.00001', '45000000', 'O', '2019-01-26', '2019-01-26'),
('PNG.HW.0000142', '2018-01-23', '2023-01-22', 'KDCB.00021', 'KDVS.00001', 'KDPS.00054', 'KDHW.00007', 'BRTR330SERVER', 'INTEL XEON E3-1220 V6, MB DELL 084XW4, RAM HYUNDAI ELECRONIC DDR4-2401 2 X 16 GB, HDD 2 TB RAID 1, LICENSE NUMBER, WIN SERVER 2016 STANDARD 64-BIT', 'KDVN.00015', '60500000', 'O', '2019-01-26', '2019-01-26'),
('PNG.HW.0000143', '2012-03-12', '2017-03-11', 'KDCB.00001', 'KDVS.00002', 'KDPS.00015', 'KDHW.00005', 'BNJHOFIN02', 'INTEL CORE I3-3421, MB ASUS H110M-C, RAM 4 GB, HDD 500 GB, WIN 7 PRO 64-BIT', 'KDVN.00001', '7778000', 'C', '2019-01-26', '2019-01-26'),
('PNG.HW.0000144', '2012-03-12', '2017-03-11', 'KDCB.00001', 'KDVS.00002', 'KDPS.00015', 'KDHW.00045', '203NRC8A582', '15 INCH', 'KDVN.00003', '0', 'C', '2019-01-26', '2019-01-26'),
('PNG.HW.0000145', '2019-01-21', '2024-01-20', 'KDCB.00001', 'KDVS.00002', 'KDPS.00015', 'KDHW.00005', 'HOPCFINANCE02', 'INTEL CORE I3-7100, MAINBOARD ASUS H110M-D SC1151, RAM 4 GB, SSD 128GB, WIN 10 PRO 64-BIT, LICENSE NUMBER', 'KDVN.00001', '7510000', 'O', '2019-01-26', '2019-01-26'),
('PNG.HW.0000146', '2019-01-21', '2024-01-20', 'KDCB.00001', 'KDVS.00002', 'KDPS.00015', 'KDHW.00044', '804NTBKAU437', '20 INCH', 'KDVN.00001', '995000', 'O', '2019-01-26', '2019-01-26'),
('PNG.HW.0000147', '2019-01-21', '2024-01-20', 'KDCB.00001', 'KDVS.00003', 'KDPS.00027', 'KDHW.00005', 'S2627SB3807X00261', 'INTEL CORE I3-7100, MAINBOARD ASUS H110M-D SC1151, RAM V-GEN DDR3-12800 4 GB, SSD SANDISK PLUS 120 GB, WIN 10 PRO 64-BIT, LICENSE NUMBER', 'KDVN.00001', '7510000', 'O', '2019-01-26', '2019-01-26'),
('PNG.HW.0000148', '2019-01-21', '2024-01-20', 'KDCB.00001', 'KDVS.00003', 'KDPS.00027', 'KDHW.00016', '806INFK1E403', '20 INCH', 'KDVN.00001', '995000', 'O', '2019-01-26', '2019-01-26'),
('PNG.HW.0000149', '2019-01-21', '2024-01-20', 'KDCB.00001', 'KDVS.00003', 'KDPS.00022', 'KDHW.00005', 'S2627SB3801806X00189', 'INTEL CORE I3-7100, MB ASUS H110M-D, RAM VGEN DDR3-12800 4 GB, SSD SANDDISK PLUS 120 GB, WIN 10 PRO 64-BIT, LICENSE NUMBER', 'KDVN.00001', '7510000', 'O', '2019-01-26', '2019-01-26'),
('PNG.HW.0000150', '2019-01-21', '2024-01-20', 'KDCB.00001', 'KDVS.00003', 'KDPS.00022', 'KDHW.00044', '804NTXRAU458', '20 INCH', 'KDVN.00001', '995000', 'O', '2019-01-26', '2019-01-26'),
('PNG.HW.0000151', '2019-01-29', '2024-01-28', 'KDCB.00011', 'KDVS.00008', 'KDPS.00055', 'KDHW.00016', '808INPT1S432', 'LED 20 INCH', 'KDVN.00001', '995000', 'O', '2019-01-29', '2019-01-30'),
('PNG.HW.0000152', '2019-01-29', '2024-01-28', 'KDCB.00011', 'KDVS.00008', 'KDPS.00042', 'KDHW.00016', '808INKH1S253', 'LED 20 INCH', 'KDVN.00001', '995000', 'O', '2019-01-29', '2019-01-29'),
('PNG.HW.0000153', '2019-01-29', '2024-01-28', 'KDCB.00024', 'KDVS.00009', 'KDPS.00050', 'KDHW.00037', '19931/18TT00203', 'REDMI S2 RAM 3GB / 32GB\r\nIMEI : 869802032184243', 'KDVN.00018', '1920000', 'O', '2019-01-29', '2019-02-08'),
('PNG.HW.0000154', '2019-01-28', '2024-01-27', 'KDCB.00011', 'KDVS.00008', 'KDPS.00042', 'KDHW.00005', 'S2627SB3801806X00460', 'INTEL CORE I3-7100, MB ASUS H110M-K, RAM V-GEN DDR4 4 GB, SSD SANDISK 120 GB, WIN 10 PRO 64-BIT, PRODUCT KEY', 'KDVN.00001', '7510000', 'O', '2019-01-30', '2019-01-30'),
('PNG.HW.0000155', '2014-01-02', '2019-01-01', 'KDCB.00002', 'KDVS.00008', 'KDPS.00062', 'KDHW.00005', 'BNJSOHPC', 'INTEL CORE I3-4150, MB GIGABYTE H81M-DS2, RAM V-GEN DDR3-12800 2 X 2 GB, HDD SEAGATE 500 GB, WIN 7 PRO 64-BIT, LICENSE NUMBER', 'KDVN.00001', '7778000', 'O', '2019-01-30', '2019-01-30'),
('PNG.HW.0000156', '2014-01-02', '2019-01-01', 'KDCB.00002', 'KDVS.00008', 'KDPS.00062', 'KDHW.00052', 'BNJSOHE2016HV', '19,5 INCH', 'KDVN.00001', '1010000', 'O', '2019-01-30', '2019-01-30'),
('PNG.HW.0000157', '2019-02-06', '2024-02-05', 'KDCB.00001', 'KDVS.00001', 'KDPS.00054', 'KDHW.00053', 'NA9Q7LFM', '6 TB', 'KDVN.00013', '2555000', 'O', '2019-02-06', '2019-02-06'),
('PNG.HW.0000158', '2019-02-19', '2024-02-18', 'KDCB.00002', 'KDVS.00008', 'KDPS.00061', 'KDHW.00035', 'JBN0CV07D01646F', 'AMD DUAL CORE A9, 4 GB RAM, 1 TB HDD, WIN 10 HOME 64-BIT, DIPAKAI UNTUK OPERASIONAL SOH POS PARUNG. \r\nRNRGY-DDRTP-GCX4V-8629Y-3GPH2', 'KDVN.00001', '4905000', 'O', '2019-02-19', '2019-02-19'),
('PNG.HW.0000159', '2019-03-23', '2024-03-21', 'KDCB.00001', 'KDVS.00020', 'KDPS.00105', 'KDHW.00055', 'K1N0CX07B121027', 'CORE I5-8520, 8 GB RAM, 1 TB HDD, 256 GB SSD, WIN 10 HOME, 4 GB, VGA NVIDIA GeForce MX150 2GB GDDR5 VRAM', 'KDVN.00001', '12100000', 'O', '2019-03-23', '2019-03-23'),
('PNG.HW.0000160', '2019-03-04', '2024-03-02', 'KDCB.00020', 'KDVS.00009', 'KDPS.00094', 'KDHW.00056', 'HGCH9WMV', 'CPU MEDIATEK MT8735D 64-BIT, 7 INCH, RAM DDR3 2 GB, ROM 16 GB, ANDROID 7.0 ', 'KDVN.00016', '1785000', 'O', '2019-03-25', '2019-03-25'),
('PNG.HW.0000161', '2019-03-23', '2024-03-21', 'KDCB.00001', 'KDVS.00010', 'KDPS.00077', 'KDHW.00055', 'JAN0CX110855437', 'CORE I5-8520, 8 GB RAM, 1 TB HDD, 256 GB SSD, WIN 10 HOME, 4 GB, VGA NVIDIA GeForce MX150 2GB GDDR5 VRAM', 'KDVN.00003', '12100000', 'O', '2019-03-25', '2019-03-25'),
('PNG.HW.0000162', '2019-03-23', '2024-03-21', 'KDCB.00001', 'KDVS.00002', 'KDPS.00073', 'KDHW.00055', 'BNJHOMGRFIN', 'CORE I5-8520, 8 GB RAM, 1 TB HDD, 256 GB SSD, WIN 10 HOME, 4 GB, VGA NVIDIA GeForce MX150 2GB GDDR5 VRAM', 'KDVN.00003', '12100000', 'O', '2019-03-25', '2019-03-25'),
('PNG.HW.0000163', '2019-03-11', '2024-03-09', 'KDCB.00001', 'KDVS.00005', 'KDPS.00109', 'KDHW.00058', 'HO32LJ500D', '32 INCH', 'KDVN.00019', '2896000', 'O', '2019-03-25', '2019-03-25'),
('PNG.HW.0000164', '2019-03-11', '2024-03-09', 'KDCB.00001', 'KDVS.00005', 'KDPS.00109', 'KDHW.00004', 'Q7FY434010', 'DOT METRIX', 'KDVN.00001', '2227000', 'O', '2019-03-25', '2019-03-25'),
('PNG.HW.0000165', '2019-03-11', '2024-03-09', 'KDCB.00001', 'KDVS.00005', 'KDPS.00109', 'KDHW.00059', 'JAN0GR05W95543A', 'INTEL CORE I3-7020, RAM 4 GB, SSD 256 GB, WIN 10 HOME, ', 'KDVN.00002', '5950000', 'O', '2019-03-25', '2019-03-25'),
('PNG.HW.0000166', '2019-03-11', '2024-03-09', 'KDCB.00001', 'KDVS.00005', 'KDPS.00109', 'KDHW.00060', 'BHJH2HOMIFI', '4G LTE BUNDLING TELKOMSEL 14 GB', 'KDVN.00020', '429000', 'O', '2019-03-25', '2019-03-25'),
('PNG.HW.0000167', '2019-03-11', '2024-03-09', 'KDCB.00001', 'KDVS.00020', 'KDPS.00106', 'KDHW.00061', 'JBN0GR09451548C', 'INTEL CORE I3-7020, RAM 4 GB, HDD 1 TB, VGA NVIDIA 2 GB MX130, WIN 10 HOME 64-BIT', 'KDVN.00002', '6450000', 'O', '2019-03-25', '2019-03-25'),
('PNG.HW.0000168', '2019-03-05', '2024-03-03', 'KDCB.00021', 'KDVS.00011', 'KDPS.00017', 'KDHW.00062', 'PCBRTFIN04', 'INTEL CORE I5-2500, RAM DDR3 PC-10700 8 GB, VGA NVIDIA 512 MB, HDD 500 GB, WIN 7 HOME', 'KDVN.00021', '3500000', 'O', '2019-03-25', '2019-03-25'),
('PNG.HW.0000169', '2013-08-05', '2018-08-04', 'KDCB.00021', 'KDVS.00011', 'KDPS.00014', 'KDHW.00005', 'BRTPCFIN01', 'INTEL CORE I3-3240, MB GIGABYTE H61M-DS2 4.0, RAM DDR3 PC-12800 4 GB, HDD SEAGATE 500 GB, VGA INTEL HD GRAPHIC, WIN 7 PROFESSIONAL 64-BIT', 'KDVN.00001', '6600000', 'O', '2019-03-25', '2019-03-25'),
('PNG.HW.0000170', '2019-03-05', '2024-03-03', 'KDCB.00021', 'KDVS.00017', 'KDPS.00110', 'KDHW.00062', 'SGC129SMYC', 'INTEL CORE I5-2500, RAM DDR3 PC-10700 8 GB, VGA NVIDIA 512 MB, HDD 500 GB, WIN 7 HOME', 'KDVN.00021', '3500000', 'O', '2019-03-27', '2019-03-27'),
('PNG.HW.0000171', '2019-03-05', '2024-03-03', 'KDCB.00021', 'KDVS.00014', 'KDPS.00115', 'KDHW.00063', 'SGH206S325', 'INTEL CORE I5-2400, MB HP 1497, RAM DDR3 8 GB, VGA NVIDIA 512 MB, HDD 500 GB, WIN 10 PRO 64-BIT', 'KDVN.00021', '3500000', 'O', '2019-03-27', '2019-03-27'),
('PNG.HW.0000172', '2010-07-17', '2015-07-16', 'KDCB.00003', 'KDVS.00009', 'KDPS.00051', 'KDHW.00026', 'BMJ01H163HQ', '15,6 INCH', 'KDVN.00003', '700000', 'O', '2019-03-28', '2019-03-28'),
('PNG.HW.0000173', '2014-07-17', '2019-07-16', 'KDCB.00003', 'KDVS.00009', 'KDPS.00051', 'KDHW.00005', 'BMJ01PCFD02', 'INTEL CORE I3-3220, MB GIGABYTE H61M-S2P, RAM DDR3 PC-10700 2 X 2 GB, HDD SEAGATE 500 GB, WIN 7 PRO 64-BIT', 'KDVN.00001', '6600000', 'O', '2019-03-28', '2019-03-28'),
('PNG.HW.0000174', '2014-07-17', '2019-07-16', 'KDCB.00003', 'KDVS.00009', 'KDPS.00050', 'KDHW.00005', 'BMJ01PCFD01', 'INTEL CORE I3-3220, MB GIGABYTE H61M-S2P, RAM DDR3 PC-10700 2 X 2 GB, HDD SEAGATE 500 GB, WIN XP PRO SP 3', 'KDVN.00001', '5700000', 'O', '2019-03-28', '2019-03-28'),
('PNG.HW.0000175', '2013-01-02', '2018-01-01', 'KDCB.00003', 'KDVS.00009', 'KDPS.00050', 'KDHW.00031', 'ETLTY080103030972D4201', '15 INCH', 'KDVN.00003', '500000', 'O', '2019-03-28', '2019-03-28'),
('PNG.HW.0000176', '2019-03-06', '2024-03-04', 'KDCB.00021', 'KDVS.00012', 'KDPS.00122', 'KDHW.00064', '4FZSD2S', 'INTEL CORE I5-2500, MB DELL, RAM DDR3 8 GB, HDD 500 GB, VGA NVIDIA 512 MB, WIN 10 PRO 64-BIT', 'KDVN.00021', '3500000', 'O', '2019-03-28', '2019-03-28'),
('PNG.HW.0000177', '2019-03-18', '2024-03-16', 'KDCB.00006', 'KDVS.00001', 'KDPS.00054', 'KDHW.00065', 'BMJ04NVRSVR', 'INTEL D2250, RAM 4 GB', 'KDVN.00001', '6300000', 'O', '2019-03-28', '2019-03-28'),
('PNG.HW.0000178', '2018-07-03', '2023-07-02', 'KDCB.00021', 'KDVS.00001', 'KDPS.00125', 'KDHW.00066', 'BRTPCXPS8930', 'INTEL CORE I7-8700, RAM DDR4 16 GB, SSD 256, HDD 2 TB, VGA NVIDIA GFORCE GTX 1060 6 GB, WIN 10 PRO 64-BIT', 'KDVN.00022', '27299000', 'O', '2019-03-28', '2019-03-28'),
('PNG.HW.0000179', '2019-03-22', '2024-03-20', 'KDCB.00003', 'KDVS.00009', 'KDPS.00048', 'KDHW.00067', '902INCN16331', '20 INCH', 'KDVN.00001', '999000', 'O', '2019-03-28', '2019-03-28'),
('PNG.HW.0000180', '2019-03-25', '2024-03-23', 'KDCB.00017', 'KDVS.00008', 'KDPS.00049', 'KDHW.00067', '901INPT85776', '20 INCH', 'KDVN.00001', '999000', 'O', '2019-03-28', '2019-03-28'),
('PNG.HW.0000181', '2019-03-25', '2024-03-23', 'KDCB.00017', 'KDVS.00008', 'KDPS.00049', 'KDHW.00005', 'S2680SB380180900582', 'INTEL CORE I3-7100, MB ASUS, RAM 4 GB, SSD 120, WIN 10 PRO 64-BIT', 'KDVN.00001', '8505000', 'O', '2019-03-28', '2019-03-28'),
('PNG.HW.0000182', '2014-09-01', '2019-08-31', 'KDCB.00021', 'KDVS.00001', 'KDPS.00095', 'KDHW.00005', 'BRTPCDSG01', 'INTEL CORE I5-6600, MB ASUS H110M-D, DDR4 2 X 16 GB, VGA NVIDIA GFORCE GT 730 2 GB, HDD 1 TB, WIN 10 PRO 64-BIT', 'KDVN.00001', '24000000', 'O', '2019-03-28', '2019-03-28'),
('PNG.HW.0000183', '2013-09-20', '2018-09-19', 'KDCB.00021', 'KDVS.00011', 'KDPS.00015', 'KDHW.00005', 'BRTPCFIN02', 'INTEL CORE I3-3240, MB GIGABYTE H61M-DS2 4.0, RAM DDR3 PC-12800 4 GB, HDD SEAGATE 500 GB, VGA INTEL HD GRAPHIC, WIN 7 PROFESSIONAL 64-BIT', 'KDVN.00001', '6600000', 'O', '2019-03-28', '2019-03-28'),
('PNG.HW.0000184', '2019-03-06', '2024-03-04', 'KDCB.00021', 'KDVS.00011', 'KDPS.00018', 'KDHW.00064', 'BRTPCFIN05', 'INTEL CORE I5-2500, MB DELL, RAM DDR3 8 GB, HDD 500 GB, VGA NVIDIA 512 MB, WIN 10 PRO 64-BIT', 'KDVN.00021', '3500000', 'O', '2019-03-29', '2019-03-29'),
('PNG.HW.0000185', '2019-04-01', '2024-03-30', 'KDCB.00001', 'KDVS.00001', 'KDPS.00054', 'KDHW.00068', '4B183P43185', 'UPS PABX 1400 VA', 'KDVN.00023', '2399000', 'O', '2019-04-01', '2019-04-01'),
('PNG.HW.0000186', '2019-04-01', '2024-03-30', 'KDCB.00001', 'KDVS.00001', 'KDPS.00054', 'KDHW.00069', 'AS1837145218', 'UPS SERVER 3 KVA', 'KDVN.00023', '18900000', 'O', '2019-04-01', '2019-04-01'),
('PNG.HW.0000187', '2019-03-22', '2024-03-20', 'KDCB.00003', 'KDVS.00009', 'KDPS.00048', 'KDHW.00005', 'BMJ01PCKABENG', 'INTEL CORE I3-7100, MB ASUS H110M-E/M.2, RAM DDR4-2401 1 X 4 GB, SSD SANDISK PLUS 120 GB, VGA INTEL HD GRAPHICS 630, WIN 10 PRO 64-BIT', 'KDVN.00001', '7427000', 'O', '2019-04-05', '2019-04-05'),
('PNG.HW.0000188', '2019-03-22', '2024-03-20', 'KDCB.00003', 'KDVS.00010', 'KDPS.00064', 'KDHW.00005', 'BMJ01PCPART01', 'INTEL CORE I3-7100, MB ASUS H110M-E/M.2, RAM DDR4-2401 1 X 4 GB, SSD SANDISK PLUS 120 GB, VGA INTEL HD GRAPHICS 630, WIN 10 PRO 64-BIT', 'KDVN.00001', '7427000', 'O', '2019-04-05', '2019-04-05'),
('PNG.HW.0000189', '2019-03-22', '2024-03-20', 'KDCB.00003', 'KDVS.00010', 'KDPS.00064', 'KDHW.00067', 'BMJ0120MK400H-BPART01', '20 INCH', 'KDVN.00001', '1050000', 'O', '2019-04-05', '2019-04-05'),
('PNG.HW.0000190', '2019-02-12', '2024-02-11', 'KDCB.00005', 'KDVS.00009', 'KDPS.00060', 'KDHW.00005', 'BMJ03PCLKH', 'INTEL CORE I3-7100, MB ASUS H110M-E/M.2, RAM DDR4-2401 1 X 4 GB, SSD SANDISK PLUS 120 GB, VGA INTEL HD GRAPHICS 630, WIN 10 PRO 64-BIT', 'KDVN.00001', '7427000', 'O', '2019-04-05', '2019-04-05'),
('PNG.HW.0000191', '2019-02-12', '2024-02-11', 'KDCB.00005', 'KDVS.00009', 'KDPS.00060', 'KDHW.00067', 'BMJ0320MK400H-BLKH', '20 INCH', 'KDVN.00001', '1050000', 'O', '2019-04-05', '2019-04-05'),
('PNG.HW.0000192', '2017-01-16', '2022-01-15', 'KDCB.00005', 'KDVS.00008', 'KDPS.00041', 'KDHW.00005', 'BMJ03PCADH01', 'INTEL CORE I3-6100, MB ASUS H110M-C D3, RAM DDR3 2 X 2 GB PC-12800, HDD 500 GB', 'KDVN.00001', '7778000', 'O', '2019-04-05', '2019-04-05'),
('PNG.HW.0000193', '2017-01-16', '2022-01-15', 'KDCB.00005', 'KDVS.00008', 'KDPS.00041', 'KDHW.00033', 'BMJ0320MP48AADH01', '20 INCH', 'KDVN.00001', '995000', 'O', '2019-04-05', '2019-04-05'),
('PNG.HW.0000194', '2015-11-09', '2020-11-07', 'KDCB.00005', 'KDVS.00001', 'KDPS.00054', 'KDHW.00011', 'BMJ03X100-C', 'FINGER PRINT', 'KDVN.00007', '1520000', 'O', '2019-04-05', '2019-04-05'),
('PNG.HW.0000195', '2018-08-07', '2023-08-06', 'KDCB.00005', 'KDVS.00001', 'KDPS.00054', 'KDHW.00065', 'BMJ03UVCNVR', 'INTEL D2550, RAM 4 GB, HDD 2 TB', 'KDVN.00001', '5300000', 'O', '2019-04-05', '2019-04-05'),
('PNG.HW.0000196', '2013-04-05', '2018-04-04', 'KDCB.00005', 'KDVS.00001', 'KDPS.00054', 'KDHW.00070', 'BMJ03KX-TDA100', '8 LINE, 50 EXTENSION, COMPATIBLE VOIP', 'KDVN.00008', '17850000', 'O', '2019-04-05', '2019-04-05'),
('PNG.HW.0000197', '2018-10-04', '2023-10-03', 'KDCB.00005', 'KDVS.00008', 'KDPS.00062', 'KDHW.00071', 'BMJ03X441UASOH', 'INTEL CORE I3-7020, RAM DDR4 1 X 4 GB, HDD 1 TB, VGA INTEL HD GRAPHICS, WIN 10 HOME SINGLE LANGUAGE 64-BIT', 'KDVN.00002', '5850000', 'O', '2019-04-05', '2019-04-05'),
('PNG.HW.0000198', '2012-09-01', '2017-08-31', 'KDCB.00008', 'KDVS.00001', 'KDPS.00054', 'KDHW.00070', 'BAJ01PABXKX-TDA100', '8 LINE, 50 EXTENSION, COMPATIBLE VOIP', 'KDVN.00008', '17850000', 'O', '2019-04-05', '2019-04-05'),
('PNG.HW.0000199', '2019-04-06', '2024-04-04', 'KDCB.00002', 'KDVS.00008', 'KDPS.00057', 'KDHW.00005', 'BNJPCSTNK04', 'INTEL CORE I3-7100, MB ASUS H110M-D, RAM DD4-2401 1 X 4 GB, SSD SANDDISK PLUS 120 GB, VGA INTEL HD GRAPHICS 630, WIN 10 PRO 64-BIT, LICENSE NUMBER 87689115', 'KDVN.00001', '7427000', 'O', '2019-04-08', '2019-04-08'),
('PNG.HW.0000200', '2019-04-06', '2024-04-04', 'KDCB.00002', 'KDVS.00008', 'KDPS.00057', 'KDHW.00067', '901INUB85886', '20 INCH', 'KDVN.00001', '1050000', 'O', '2019-04-08', '2019-04-08'),
('PNG.HW.0000201', '2019-04-08', '2024-04-06', 'KDCB.00019', 'KDVS.00008', 'KDPS.00044', 'KDHW.00005', 'S2680SB380180300704', 'INTEL CORE I3-7100, MB ASUS H110M-D, RAM DD4-2401 1 X 4 GB, SSD SANDDISK PLUS 120 GB, VGA INTEL HD GRAPHICS 630, WIN 10 PRO 64-BIT', 'KDVN.00001', '7427000', 'O', '2019-04-08', '2019-04-08'),
('PNG.HW.0000202', '2019-04-06', '2024-04-04', 'KDCB.00013', 'KDVS.00001', 'KDPS.00054', 'KDHW.00011', 'BRVI181560060', 'FINGER PRINT H2', 'KDVN.00007', '1520000', 'O', '2019-04-08', '2019-04-08'),
('PNG.HW.0000203', '2019-04-09', '2024-04-07', 'KDCB.00005', 'KDVS.00009', 'KDPS.00049', 'KDHW.00072', '19178/18UZ03917', 'IMEI: 868131030662', 'KDVN.00024', '2120000', 'O', '2019-04-09', '2019-04-09'),
('PNG.HW.0000204', '2019-04-18', '2024-04-16', 'KDCB.00006', 'KDVS.00008', 'KDPS.00062', 'KDHW.00073', 'K1N0CV10589904E', 'INTEL CORE I3-08145U, RAM 4G, SSD 256 GB, WIN 10 HOME SINGLE LANGUAGE, 13,3 INCH WARNA GOLD', 'KDVN.00025', '8178000', 'O', '2019-04-18', '2019-04-18');

-- --------------------------------------------------------

--
-- Table structure for table `trx_penjualan_hardware`
--

CREATE TABLE `trx_penjualan_hardware` (
  `kode_penjualan_hardware` varchar(15) NOT NULL,
  `tanggal_penjualan_hardware` date NOT NULL,
  `kode_peremajaan_hardware` varchar(15) NOT NULL,
  `serial_number` varchar(30) NOT NULL,
  `kode_cabang` varchar(10) NOT NULL,
  `kode_divisi` varchar(10) NOT NULL,
  `kode_posession` varchar(10) NOT NULL,
  `kode_hardware` varchar(10) NOT NULL,
  `kode_pengepul` varchar(10) NOT NULL,
  `harga_jual_hardware` varchar(13) NOT NULL,
  `tanggal_entri` date NOT NULL,
  `tanggal_pembaruan` date NOT NULL
) ENGINE=InnoDB DEFAULT CHARSET=latin1;

--
-- Dumping data for table `trx_penjualan_hardware`
--

INSERT INTO `trx_penjualan_hardware` (`kode_penjualan_hardware`, `tanggal_penjualan_hardware`, `kode_peremajaan_hardware`, `serial_number`, `kode_cabang`, `kode_divisi`, `kode_posession`, `kode_hardware`, `kode_pengepul`, `harga_jual_hardware`, `tanggal_entri`, `tanggal_pembaruan`) VALUES
('PNJ.HW.0000001', '2018-12-20', 'PRM.HW.0000004', 'ACC03D186WA', 'KDCB.00001', 'KDVS.00003', 'KDPS.00024', 'KDHW.00024', 'KDPN.00002', '300000', '2019-01-18', '2019-01-18'),
('PNJ.HW.0000002', '2018-12-20', 'PRM.HW.0000008', 'ETLMY0C001043146374021', 'KDCB.00001', 'KDVS.00002', 'KDPS.00019', 'KDHW.00026', 'KDPN.00002', '300000', '2019-01-18', '2019-01-18'),
('PNJ.HW.0000003', '2019-01-07', 'PRM.HW.0000002', 'V1KR147', 'KDCB.00001', 'KDVS.00003', 'KDPS.00026', 'KDHW.00024', 'KDPN.00003', '250000', '2019-01-18', '2019-01-18'),
('PNJ.HW.0000004', '2019-04-01', 'PRM.HW.0000013', 'ACC01H163HQ', 'KDCB.00001', 'KDVS.00003', 'KDPS.00022', 'KDHW.00026', 'KDPN.00001', '0', '2019-04-01', '2019-04-01'),
('PNJ.HW.0000005', '2019-04-01', 'PRM.HW.0000015', 'ACC06D186WA', 'KDCB.00001', 'KDVS.00003', 'KDPS.00027', 'KDHW.00024', 'KDPN.00001', '0', '2019-04-01', '2019-04-01'),
('PNJ.HW.0000006', '2019-04-01', 'PRM.HW.0000017', 'ACC04A70', 'KDCB.00001', 'KDVS.00003', 'KDPS.00025', 'KDHW.00023', 'KDPN.00001', '0', '2019-04-01', '2019-04-01'),
('PNJ.HW.0000007', '2019-04-01', 'PRM.HW.0000018', 'ACC04D186WA', 'KDCB.00001', 'KDVS.00003', 'KDPS.00025', 'KDHW.00024', 'KDPN.00001', '0', '2019-04-01', '2019-04-01'),
('PNJ.HW.0000008', '2019-04-01', 'PRM.HW.0000005', 'ACC02A70', 'KDCB.00001', 'KDVS.00003', 'KDPS.00023', 'KDHW.00023', 'KDPN.00001', '0', '2019-04-01', '2019-04-01'),
('PNJ.HW.0000009', '2019-04-01', 'PRM.HW.0000006', 'ACC02D186WA', 'KDCB.00001', 'KDVS.00003', 'KDPS.00023', 'KDHW.00024', 'KDPN.00001', '0', '2019-04-01', '2019-04-01'),
('PNJ.HW.0000010', '2019-04-01', 'PRM.HW.0000012', 'ACC01M1930', 'KDCB.00001', 'KDVS.00003', 'KDPS.00022', 'KDHW.00030', 'KDPN.00001', '0', '2019-04-01', '2019-04-01'),
('PNJ.HW.0000011', '2019-04-01', 'PRM.HW.0000003', 'ACC3A70', 'KDCB.00001', 'KDVS.00003', 'KDPS.00024', 'KDHW.00023', 'KDPN.00001', '0', '2019-04-01', '2019-04-01'),
('PNJ.HW.0000012', '2019-04-01', 'PRM.HW.0000001', 'S5DAKPZ', 'KDCB.00001', 'KDVS.00003', 'KDPS.00026', 'KDHW.00023', 'KDPN.00001', '0', '2019-04-01', '2019-04-01'),
('PNJ.HW.0000013', '2019-04-01', 'PRM.HW.0000014', 'ACC06A70', 'KDCB.00001', 'KDVS.00003', 'KDPS.00027', 'KDHW.00023', 'KDPN.00001', '0', '2019-04-01', '2019-04-01'),
('PNJ.HW.0000014', '2019-04-01', 'PRM.HW.0000007', 'S5CHDMV', 'KDCB.00001', 'KDVS.00002', 'KDPS.00019', 'KDHW.00023', 'KDPN.00001', '0', '2019-04-01', '2019-04-01'),
('PNJ.HW.0000015', '2019-04-01', 'PRM.HW.0000009', 'BMJ03P166HQLSTNK02', 'KDCB.00005', 'KDVS.00008', 'KDPS.00055', 'KDHW.00031', 'KDPN.00001', '0', '2019-04-01', '2019-04-01');

-- --------------------------------------------------------

--
-- Table structure for table `trx_perawatan_hardware`
--

CREATE TABLE `trx_perawatan_hardware` (
  `kode_perawatan_hardware` varchar(15) NOT NULL,
  `tanggal_perawatan_hardware` date NOT NULL,
  `kode_pengadaan_hardware` varchar(15) NOT NULL,
  `serial_number` varchar(30) NOT NULL,
  `kode_cabang` varchar(10) NOT NULL,
  `kode_divisi` varchar(10) NOT NULL,
  `kode_posession` varchar(10) NOT NULL,
  `kode_hardware` varchar(10) NOT NULL,
  `keterangan` varchar(200) NOT NULL,
  `biaya_perawatan` varchar(13) NOT NULL,
  `id` varchar(10) NOT NULL,
  `tanggal_entri` date NOT NULL,
  `tanggal_pembaruan` date NOT NULL
) ENGINE=InnoDB DEFAULT CHARSET=latin1;

-- --------------------------------------------------------

--
-- Table structure for table `trx_peremajaan_hardware`
--

CREATE TABLE `trx_peremajaan_hardware` (
  `kode_peremajaan_hardware` varchar(15) NOT NULL,
  `tanggal_peremajaan_hardware` date NOT NULL,
  `kode_pengadaan_hardware` varchar(15) NOT NULL,
  `serial_number` varchar(30) NOT NULL,
  `kode_cabang` varchar(10) NOT NULL,
  `kode_divisi` varchar(10) NOT NULL,
  `kode_posession` varchar(10) NOT NULL,
  `kode_hardware` varchar(10) NOT NULL,
  `kode_vendor` varchar(10) NOT NULL,
  `status` varchar(1) NOT NULL,
  `tanggal_entri` date NOT NULL,
  `tanggal_pembaruan` date NOT NULL
) ENGINE=InnoDB DEFAULT CHARSET=latin1;

--
-- Dumping data for table `trx_peremajaan_hardware`
--

INSERT INTO `trx_peremajaan_hardware` (`kode_peremajaan_hardware`, `tanggal_peremajaan_hardware`, `kode_pengadaan_hardware`, `serial_number`, `kode_cabang`, `kode_divisi`, `kode_posession`, `kode_hardware`, `kode_vendor`, `status`, `tanggal_entri`, `tanggal_pembaruan`) VALUES
('PRM.HW.0000001', '2018-12-04', 'PNG.HW.0000024', 'S5DAKPZ', 'KDCB.00001', 'KDVS.00003', 'KDPS.00026', 'KDHW.00023', 'KDVN.00003', 'C', '2018-12-04', '2018-12-04'),
('PRM.HW.0000002', '2018-12-04', 'PNG.HW.0000025', 'V1KR147', 'KDCB.00001', 'KDVS.00003', 'KDPS.00026', 'KDHW.00024', 'KDVN.00003', 'C', '2018-12-04', '2018-12-04'),
('PRM.HW.0000003', '2018-12-04', 'PNG.HW.0000026', 'ACC3A70', 'KDCB.00001', 'KDVS.00003', 'KDPS.00024', 'KDHW.00023', 'KDVN.00003', 'C', '2018-12-04', '2018-12-04'),
('PRM.HW.0000004', '2018-12-04', 'PNG.HW.0000027', 'ACC03D186WA', 'KDCB.00001', 'KDVS.00003', 'KDPS.00024', 'KDHW.00024', 'KDVN.00003', 'C', '2018-12-04', '2018-12-04'),
('PRM.HW.0000005', '2018-12-04', 'PNG.HW.0000028', 'ACC02A70', 'KDCB.00001', 'KDVS.00003', 'KDPS.00023', 'KDHW.00023', 'KDVN.00003', 'C', '2018-12-04', '2018-12-04'),
('PRM.HW.0000006', '2018-12-04', 'PNG.HW.0000029', 'ACC02D186WA', 'KDCB.00001', 'KDVS.00003', 'KDPS.00023', 'KDHW.00024', 'KDVN.00003', 'C', '2018-12-04', '2018-12-04'),
('PRM.HW.0000007', '2018-12-04', 'PNG.HW.0000035', 'S5CHDMV', 'KDCB.00001', 'KDVS.00002', 'KDPS.00019', 'KDHW.00023', 'KDVN.00003', 'C', '2018-12-04', '2018-12-04'),
('PRM.HW.0000008', '2018-12-04', 'PNG.HW.0000036', 'ETLMY0C001043146374021', 'KDCB.00001', 'KDVS.00002', 'KDPS.00019', 'KDHW.00026', 'KDVN.00003', 'C', '2018-12-04', '2018-12-04'),
('PRM.HW.0000009', '2019-01-08', 'PNG.HW.0000120', 'BMJ03P166HQLSTNK02', 'KDCB.00005', 'KDVS.00008', 'KDPS.00055', 'KDHW.00031', 'KDVN.00003', 'C', '2019-01-11', '2019-01-11'),
('PRM.HW.0000010', '2019-01-26', 'PNG.HW.0000143', 'BNJHOFIN02', 'KDCB.00001', 'KDVS.00002', 'KDPS.00015', 'KDHW.00005', 'KDVN.00001', 'O', '2019-01-26', '2019-01-26'),
('PRM.HW.0000011', '2019-01-26', 'PNG.HW.0000144', '203NRC8A582', 'KDCB.00001', 'KDVS.00002', 'KDPS.00015', 'KDHW.00045', 'KDVN.00003', 'O', '2019-01-26', '2019-01-26'),
('PRM.HW.0000012', '2019-01-26', 'PNG.HW.0000042', 'ACC01M1930', 'KDCB.00001', 'KDVS.00003', 'KDPS.00022', 'KDHW.00030', 'KDVN.00003', 'C', '2019-01-26', '2019-01-26'),
('PRM.HW.0000013', '2019-01-26', 'PNG.HW.0000043', 'ACC01H163HQ', 'KDCB.00001', 'KDVS.00003', 'KDPS.00022', 'KDHW.00026', 'KDVN.00003', 'C', '2019-01-26', '2019-01-26'),
('PRM.HW.0000014', '2019-01-26', 'PNG.HW.0000046', 'ACC06A70', 'KDCB.00001', 'KDVS.00003', 'KDPS.00027', 'KDHW.00023', 'KDVN.00003', 'C', '2019-01-26', '2019-01-26'),
('PRM.HW.0000015', '2019-01-26', 'PNG.HW.0000047', 'ACC06D186WA', 'KDCB.00001', 'KDVS.00003', 'KDPS.00027', 'KDHW.00024', 'KDVN.00003', 'C', '2019-01-26', '2019-01-26'),
('PRM.HW.0000016', '2019-03-25', 'PNG.HW.0000037', 'H3HOG480', 'KDCB.00001', 'KDVS.00006', 'KDPS.00077', 'KDHW.00027', 'KDVN.00003', 'O', '2019-03-25', '2019-03-25'),
('PRM.HW.0000017', '2019-03-25', 'PNG.HW.0000044', 'ACC04A70', 'KDCB.00001', 'KDVS.00003', 'KDPS.00025', 'KDHW.00023', 'KDVN.00003', 'C', '2019-03-25', '2019-03-25'),
('PRM.HW.0000018', '2019-03-25', 'PNG.HW.0000045', 'ACC04D186WA', 'KDCB.00001', 'KDVS.00003', 'KDPS.00025', 'KDHW.00024', 'KDVN.00003', 'C', '2019-03-25', '2019-03-25');

--
-- Indexes for dumped tables
--

--
-- Indexes for table `mst_cabang`
--
ALTER TABLE `mst_cabang`
  ADD PRIMARY KEY (`kode_cabang`),
  ADD KEY `kode_propinsi` (`kode_propinsi`),
  ADD KEY `kode_kabupaten_kota` (`kode_kabupaten_kota`);

--
-- Indexes for table `mst_divisi`
--
ALTER TABLE `mst_divisi`
  ADD PRIMARY KEY (`kode_divisi`);

--
-- Indexes for table `mst_hardware`
--
ALTER TABLE `mst_hardware`
  ADD PRIMARY KEY (`kode_hardware`),
  ADD KEY `kode_kategori` (`kode_kategori`),
  ADD KEY `kode_merk` (`kode_merk`),
  ADD KEY `kode_tipe` (`kode_tipe`);

--
-- Indexes for table `mst_kabupaten_kota`
--
ALTER TABLE `mst_kabupaten_kota`
  ADD PRIMARY KEY (`kode_kabupaten_kota`);

--
-- Indexes for table `mst_kategori`
--
ALTER TABLE `mst_kategori`
  ADD PRIMARY KEY (`kode_kategori`);

--
-- Indexes for table `mst_merk`
--
ALTER TABLE `mst_merk`
  ADD PRIMARY KEY (`kode_merk`);

--
-- Indexes for table `mst_pengepul`
--
ALTER TABLE `mst_pengepul`
  ADD PRIMARY KEY (`kode_pengepul`),
  ADD KEY `kode_propinsi` (`kode_propinsi`),
  ADD KEY `kode_kabupaten_kota` (`kode_kabupaten_kota`);

--
-- Indexes for table `mst_pic_it`
--
ALTER TABLE `mst_pic_it`
  ADD PRIMARY KEY (`id`);

--
-- Indexes for table `mst_posession`
--
ALTER TABLE `mst_posession`
  ADD PRIMARY KEY (`kode_posession`);

--
-- Indexes for table `mst_propinsi`
--
ALTER TABLE `mst_propinsi`
  ADD PRIMARY KEY (`kode_propinsi`);

--
-- Indexes for table `mst_tipe`
--
ALTER TABLE `mst_tipe`
  ADD PRIMARY KEY (`kode_tipe`);

--
-- Indexes for table `mst_user`
--
ALTER TABLE `mst_user`
  ADD PRIMARY KEY (`id`);

--
-- Indexes for table `mst_vendor`
--
ALTER TABLE `mst_vendor`
  ADD PRIMARY KEY (`kode_vendor`),
  ADD KEY `kode_propinsi` (`kode_propinsi`),
  ADD KEY `kode_kabupaten_kota` (`kode_kabupaten_kota`);

--
-- Indexes for table `trx_pengadaan_hardware`
--
ALTER TABLE `trx_pengadaan_hardware`
  ADD PRIMARY KEY (`kode_pengadaan_hardware`),
  ADD KEY `kode_cabang` (`kode_cabang`),
  ADD KEY `kode_cabang_2` (`kode_cabang`),
  ADD KEY `kode_divisi` (`kode_divisi`),
  ADD KEY `kode_posession` (`kode_posession`),
  ADD KEY `kode_hardware` (`kode_hardware`),
  ADD KEY `kode_vendor` (`kode_vendor`);

--
-- Indexes for table `trx_penjualan_hardware`
--
ALTER TABLE `trx_penjualan_hardware`
  ADD PRIMARY KEY (`kode_penjualan_hardware`),
  ADD KEY `kode_cabang` (`kode_cabang`),
  ADD KEY `kode_divisi` (`kode_divisi`),
  ADD KEY `kode_posession` (`kode_posession`),
  ADD KEY `kode_hardware` (`kode_hardware`),
  ADD KEY `kode_pengepul` (`kode_pengepul`),
  ADD KEY `kode_peremajaan_hardware` (`kode_peremajaan_hardware`);

--
-- Indexes for table `trx_perawatan_hardware`
--
ALTER TABLE `trx_perawatan_hardware`
  ADD PRIMARY KEY (`kode_perawatan_hardware`),
  ADD KEY `id` (`id`),
  ADD KEY `kode_pengadaan_hardware` (`kode_pengadaan_hardware`),
  ADD KEY `kode_cabang` (`kode_cabang`),
  ADD KEY `kode_divisi` (`kode_divisi`),
  ADD KEY `kode_posession` (`kode_posession`),
  ADD KEY `kode_hardware` (`kode_hardware`);

--
-- Indexes for table `trx_peremajaan_hardware`
--
ALTER TABLE `trx_peremajaan_hardware`
  ADD PRIMARY KEY (`kode_peremajaan_hardware`),
  ADD KEY `kode_pengadaan_hardware` (`kode_pengadaan_hardware`),
  ADD KEY `kode_cabang` (`kode_cabang`),
  ADD KEY `kode_divisi` (`kode_divisi`),
  ADD KEY `kode_posession` (`kode_posession`),
  ADD KEY `kode_hardware` (`kode_hardware`),
  ADD KEY `kode_vendor` (`kode_vendor`);

--
-- AUTO_INCREMENT for dumped tables
--

--
-- AUTO_INCREMENT for table `mst_user`
--
ALTER TABLE `mst_user`
  MODIFY `id` int(11) NOT NULL AUTO_INCREMENT, AUTO_INCREMENT=5;

--
-- Constraints for dumped tables
--

--
-- Constraints for table `mst_cabang`
--
ALTER TABLE `mst_cabang`
  ADD CONSTRAINT `mst_cabang_ibfk_1` FOREIGN KEY (`kode_propinsi`) REFERENCES `mst_propinsi` (`kode_propinsi`) ON DELETE CASCADE ON UPDATE CASCADE,
  ADD CONSTRAINT `mst_cabang_ibfk_2` FOREIGN KEY (`kode_kabupaten_kota`) REFERENCES `mst_kabupaten_kota` (`kode_kabupaten_kota`) ON DELETE CASCADE ON UPDATE CASCADE;

--
-- Constraints for table `mst_hardware`
--
ALTER TABLE `mst_hardware`
  ADD CONSTRAINT `mst_hardware_ibfk_1` FOREIGN KEY (`kode_kategori`) REFERENCES `mst_kategori` (`kode_kategori`) ON DELETE CASCADE ON UPDATE CASCADE,
  ADD CONSTRAINT `mst_hardware_ibfk_2` FOREIGN KEY (`kode_merk`) REFERENCES `mst_merk` (`kode_merk`) ON DELETE CASCADE ON UPDATE CASCADE,
  ADD CONSTRAINT `mst_hardware_ibfk_3` FOREIGN KEY (`kode_tipe`) REFERENCES `mst_tipe` (`kode_tipe`) ON DELETE CASCADE ON UPDATE CASCADE;

--
-- Constraints for table `mst_pengepul`
--
ALTER TABLE `mst_pengepul`
  ADD CONSTRAINT `mst_pengepul_ibfk_1` FOREIGN KEY (`kode_propinsi`) REFERENCES `mst_propinsi` (`kode_propinsi`) ON DELETE CASCADE ON UPDATE CASCADE,
  ADD CONSTRAINT `mst_pengepul_ibfk_2` FOREIGN KEY (`kode_kabupaten_kota`) REFERENCES `mst_kabupaten_kota` (`kode_kabupaten_kota`) ON DELETE CASCADE ON UPDATE CASCADE;

--
-- Constraints for table `mst_vendor`
--
ALTER TABLE `mst_vendor`
  ADD CONSTRAINT `mst_vendor_ibfk_1` FOREIGN KEY (`kode_propinsi`) REFERENCES `mst_propinsi` (`kode_propinsi`) ON DELETE CASCADE ON UPDATE CASCADE,
  ADD CONSTRAINT `mst_vendor_ibfk_2` FOREIGN KEY (`kode_kabupaten_kota`) REFERENCES `mst_kabupaten_kota` (`kode_kabupaten_kota`) ON DELETE CASCADE ON UPDATE CASCADE;

--
-- Constraints for table `trx_pengadaan_hardware`
--
ALTER TABLE `trx_pengadaan_hardware`
  ADD CONSTRAINT `trx_pengadaan_hardware_ibfk_1` FOREIGN KEY (`kode_cabang`) REFERENCES `mst_cabang` (`kode_cabang`) ON DELETE CASCADE ON UPDATE CASCADE,
  ADD CONSTRAINT `trx_pengadaan_hardware_ibfk_2` FOREIGN KEY (`kode_divisi`) REFERENCES `mst_divisi` (`kode_divisi`) ON DELETE CASCADE ON UPDATE CASCADE,
  ADD CONSTRAINT `trx_pengadaan_hardware_ibfk_3` FOREIGN KEY (`kode_posession`) REFERENCES `mst_posession` (`kode_posession`) ON DELETE CASCADE ON UPDATE CASCADE,
  ADD CONSTRAINT `trx_pengadaan_hardware_ibfk_4` FOREIGN KEY (`kode_hardware`) REFERENCES `mst_hardware` (`kode_hardware`) ON DELETE CASCADE ON UPDATE CASCADE,
  ADD CONSTRAINT `trx_pengadaan_hardware_ibfk_5` FOREIGN KEY (`kode_vendor`) REFERENCES `mst_vendor` (`kode_vendor`) ON DELETE CASCADE ON UPDATE CASCADE;

--
-- Constraints for table `trx_penjualan_hardware`
--
ALTER TABLE `trx_penjualan_hardware`
  ADD CONSTRAINT `trx_penjualan_hardware_ibfk_1` FOREIGN KEY (`kode_cabang`) REFERENCES `mst_cabang` (`kode_cabang`) ON DELETE CASCADE ON UPDATE CASCADE,
  ADD CONSTRAINT `trx_penjualan_hardware_ibfk_2` FOREIGN KEY (`kode_divisi`) REFERENCES `mst_divisi` (`kode_divisi`) ON DELETE CASCADE ON UPDATE CASCADE,
  ADD CONSTRAINT `trx_penjualan_hardware_ibfk_3` FOREIGN KEY (`kode_posession`) REFERENCES `mst_posession` (`kode_posession`) ON DELETE CASCADE ON UPDATE CASCADE,
  ADD CONSTRAINT `trx_penjualan_hardware_ibfk_4` FOREIGN KEY (`kode_hardware`) REFERENCES `mst_hardware` (`kode_hardware`) ON DELETE CASCADE ON UPDATE CASCADE,
  ADD CONSTRAINT `trx_penjualan_hardware_ibfk_5` FOREIGN KEY (`kode_pengepul`) REFERENCES `mst_pengepul` (`kode_pengepul`) ON DELETE CASCADE ON UPDATE CASCADE;

--
-- Constraints for table `trx_perawatan_hardware`
--
ALTER TABLE `trx_perawatan_hardware`
  ADD CONSTRAINT `trx_perawatan_hardware_ibfk_5` FOREIGN KEY (`id`) REFERENCES `mst_pic_it` (`id`) ON DELETE CASCADE ON UPDATE CASCADE;

--
-- Constraints for table `trx_peremajaan_hardware`
--
ALTER TABLE `trx_peremajaan_hardware`
  ADD CONSTRAINT `trx_peremajaan_hardware_ibfk_1` FOREIGN KEY (`kode_pengadaan_hardware`) REFERENCES `trx_pengadaan_hardware` (`kode_pengadaan_hardware`) ON DELETE CASCADE ON UPDATE CASCADE;
COMMIT;

/*!40101 SET CHARACTER_SET_CLIENT=@OLD_CHARACTER_SET_CLIENT */;
/*!40101 SET CHARACTER_SET_RESULTS=@OLD_CHARACTER_SET_RESULTS */;
/*!40101 SET COLLATION_CONNECTION=@OLD_COLLATION_CONNECTION */;
